BEGIN TRANSACTION;
CREATE TABLE IF NOT EXISTS "Chantiers" (
	"IDChantier"	INTEGER NOT NULL UNIQUE,
	"NomChantier"	TEXT,
	"IDProjet"	INTEGER NOT NULL,
	"IDDepartement"	INTEGER NOT NULL,
	PRIMARY KEY("IDChantier" AUTOINCREMENT)
);
CREATE TABLE IF NOT EXISTS "CSP" (
	"IDCsp"	INTEGER NOT NULL,
	"fonction"	INTEGER NOT NULL,
	"SalareMin"	INTEGER,
	PRIMARY KEY("IDCsp" AUTOINCREMENT)
);
CREATE TABLE IF NOT EXISTS "Projets" (
	"IDProjet"	INTEGER,
	"IDDepartement"	INTEGER NOT NULL,
	"IDChaniter"	INTEGER,
	PRIMARY KEY("IDProjet"),
	FOREIGN KEY("IDChaniter") REFERENCES "Chantiers"("IDChantier"),
	FOREIGN KEY("IDDepartement") REFERENCES "Departement"("IDDepartement")
);
CREATE TABLE IF NOT EXISTS "Departement" (
	"IDDepartement"	INTEGER NOT NULL,
	"NomDep"	TEXT NOT NULL,
	"Directeur"	TEXT NOT NULL,
	PRIMARY KEY("IDDepartement" AUTOINCREMENT)
);
CREATE TABLE IF NOT EXISTS "Heures_Travaillées" (
	"IDProjet"	INTEGER,
	"IDEmploye"	INTEGER,
	"NbrHT"	INTEGER,
	PRIMARY KEY("IDProjet","IDEmploye"),
	FOREIGN KEY("IDEmploye") REFERENCES "Employes"("IDEmploye"),
	FOREIGN KEY("IDProjet") REFERENCES "Projets"("IDProjet")
);
CREATE TABLE IF NOT EXISTS "Employes" (
	"IDEmploye"	INTEGER,
	"nom"	TEXT NOT NULL,
	"adresseMail"	TEXT NOT NULL,
	"IDCsp"	INTEGER NOT NULL,
	"IDDepartement"	INTEGER NOT NULL,
	PRIMARY KEY("IDEmploye" AUTOINCREMENT),
	FOREIGN KEY("IDDepartement") REFERENCES "Departement"("IDDepartement"),
	FOREIGN KEY("IDCsp") REFERENCES "CSP"("IDCsp")
);
CREATE TABLE IF NOT EXISTS "Service_Technique" (
	"IDProjet"	INTEGER,
	"IDCsp"	INTEGER,
	"NbrHE"	INTEGER,
	PRIMARY KEY("IDProjet","IDCsp"),
	FOREIGN KEY("IDCsp") REFERENCES "CSP"("IDCsp"),
	FOREIGN KEY("IDProjet") REFERENCES "Projets"("IDProjet")
);
INSERT INTO "Chantiers" VALUES (1,'Ikia 91',0,0);
INSERT INTO "Chantiers" VALUES (2,'Afflelou 91',0,0);
INSERT INTO "Chantiers" VALUES (3,'Afflelou 93',0,0);
INSERT INTO "Chantiers" VALUES (4,'Afflelou 75',0,0);
INSERT INTO "Chantiers" VALUES (5,'Ikia 77',0,0);
INSERT INTO "Chantiers" VALUES (6,'Ikia 93',0,0);
INSERT INTO "Chantiers" VALUES (7,'La Poste Bondy',0,0);
INSERT INTO "Chantiers" VALUES (8,'La Poste Evry',0,0);
INSERT INTO "Chantiers" VALUES (9,'Carrfour athis',0,0);
INSERT INTO "Chantiers" VALUES (10,'Otacos Juvisy',0,0);
INSERT INTO "Chantiers" VALUES (11,'Afflelou 95',0,0);
INSERT INTO "Chantiers" VALUES (12,'Ikia 95',0,0);
INSERT INTO "Chantiers" VALUES (13,'Carrfour evry',0,0);
INSERT INTO "Chantiers" VALUES (14,'Château de Saint-Victor',0,0);
INSERT INTO "Chantiers" VALUES (15,'Château de Cuverville',0,0);
INSERT INTO "Chantiers" VALUES (16,'Château de Bretteville',0,0);
INSERT INTO "Chantiers" VALUES (17,'Château du Vaudroc',0,0);
INSERT INTO "Chantiers" VALUES (18,'Château de Sassetot',0,0);
INSERT INTO "Chantiers" VALUES (19,'Château d’Éprémesnil',0,0);
INSERT INTO "Chantiers" VALUES (20,'Carrefour rosny 2',0,0);
INSERT INTO "Chantiers" VALUES (21,'Carrefour L''haÿ Les Roses',0,0);
INSERT INTO "Chantiers" VALUES (22,'Carrefour Market Viry-Châtillon',0,0);
INSERT INTO "Chantiers" VALUES (23,'Afflelou 92',0,0);
INSERT INTO "Chantiers" VALUES (24,'Zodio 91',0,0);
INSERT INTO "Chantiers" VALUES (25,'Zodio 93',0,0);
INSERT INTO "Chantiers" VALUES (26,'Zodio 75',0,0);
INSERT INTO "Chantiers" VALUES (27,'Zodio 92',0,0);
INSERT INTO "Chantiers" VALUES (28,'Bibliothèque Crimée',0,0);
INSERT INTO "Chantiers" VALUES (29,'Bibliothèque Claude Lévi Strauss',0,0);
INSERT INTO "Chantiers" VALUES (30,'Bibliothèque Place des Fêtes',0,0);
INSERT INTO "Chantiers" VALUES (31,'Bibliothèque Benjamin Rabier',0,0);
INSERT INTO "Chantiers" VALUES (32,'Bibliothèque Fessart',0,0);
INSERT INTO "Chantiers" VALUES (33,'Bibliothèque-Discothèque Hergé',0,0);
INSERT INTO "Chantiers" VALUES (34,'Samsung 77',0,0);
INSERT INTO "Chantiers" VALUES (35,'Samsung 78',0,0);
INSERT INTO "Chantiers" VALUES (36,'Samsung 91',0,0);
INSERT INTO "Chantiers" VALUES (37,'Samsung 75',0,0);
INSERT INTO "Chantiers" VALUES (38,'Nike 91',0,0);
INSERT INTO "Chantiers" VALUES (39,'Adidas 91',0,0);
INSERT INTO "Chantiers" VALUES (40,'Adidas 75',0,0);
INSERT INTO "Chantiers" VALUES (41,'Adidas 75',0,0);
INSERT INTO "Chantiers" VALUES (42,'Adidas 94',0,0);
INSERT INTO "Chantiers" VALUES (43,'Adidas 95',0,0);
INSERT INTO "Chantiers" VALUES (44,'Nike 77',0,0);
INSERT INTO "Chantiers" VALUES (45,'Nike 75',0,0);
INSERT INTO "Chantiers" VALUES (46,'Nike 94',0,0);
INSERT INTO "Chantiers" VALUES (47,'Nike 77',0,0);
INSERT INTO "Chantiers" VALUES (48,'Nike 93',0,0);
INSERT INTO "Chantiers" VALUES (49,'Nike 95',0,0);
INSERT INTO "Chantiers" VALUES (50,'Adidas 93',0,0);
INSERT INTO "Chantiers" VALUES (51,'Otacos Evry',0,0);
INSERT INTO "Chantiers" VALUES (52,'Otacos 19em',0,0);
INSERT INTO "Chantiers" VALUES (53,'Otacos 18em',0,0);
INSERT INTO "Chantiers" VALUES (54,'Otacos 17em',0,0);
INSERT INTO "Chantiers" VALUES (55,'Subway la croix blance',0,0);
INSERT INTO "Chantiers" VALUES (56,'Subway Juvisy',0,0);
INSERT INTO "Chantiers" VALUES (57,'Subway 19em',0,0);
INSERT INTO "Chantiers" VALUES (58,'Subway 18em',0,0);
INSERT INTO "Chantiers" VALUES (59,'Subway 13em',0,0);
INSERT INTO "Chantiers" VALUES (60,'Courir outlet 91',0,0);
INSERT INTO "Chantiers" VALUES (61,'Courir outlet 93',0,0);
INSERT INTO "Chantiers" VALUES (62,'Courir outlet 75',0,0);
INSERT INTO "Chantiers" VALUES (63,'Courir 91',0,0);
INSERT INTO "Chantiers" VALUES (64,'Courir 93',0,0);
INSERT INTO "Chantiers" VALUES (65,'Courir 75',0,0);
INSERT INTO "Chantiers" VALUES (66,'Timberland 75',0,0);
INSERT INTO "Chantiers" VALUES (67,'Timberland 77',0,0);
INSERT INTO "Chantiers" VALUES (68,'Timberland 91',0,0);
INSERT INTO "Chantiers" VALUES (69,'Timberland 78',0,0);
INSERT INTO "Chantiers" VALUES (70,'Primark 91',0,0);
INSERT INTO "Chantiers" VALUES (71,'Primark 94',0,0);
INSERT INTO "Chantiers" VALUES (72,'Primark 95',0,0);
INSERT INTO "Chantiers" VALUES (73,'Primark 75',0,0);
INSERT INTO "Chantiers" VALUES (74,'Stade Pantin',0,0);
INSERT INTO "Chantiers" VALUES (75,'Stade bobigny',0,0);
INSERT INTO "Chantiers" VALUES (76,'Stade aubervillier ',0,0);
INSERT INTO "Chantiers" VALUES (77,'Stade Saint Denis',0,0);
INSERT INTO "Chantiers" VALUES (78,'Stade Bondy',0,0);
INSERT INTO "CSP" VALUES (1,'Directeur','200% SMIC');
INSERT INTO "CSP" VALUES (2,'contremaître','170% SMIC');
INSERT INTO "CSP" VALUES (3,'apprenti','80% SMIC');
INSERT INTO "CSP" VALUES (4,'ouvrier qualifié','150% SMIC');
INSERT INTO "CSP" VALUES (5,'ouvrier','110% SMIC');
INSERT INTO "Projets" VALUES (1,4,40);
INSERT INTO "Projets" VALUES (2,3,41);
INSERT INTO "Projets" VALUES (3,1,5);
INSERT INTO "Projets" VALUES (4,2,50);
INSERT INTO "Projets" VALUES (5,7,51);
INSERT INTO "Projets" VALUES (6,2,50);
INSERT INTO "Projets" VALUES (7,1,40);
INSERT INTO "Projets" VALUES (8,7,50);
INSERT INTO "Projets" VALUES (9,7,41);
INSERT INTO "Projets" VALUES (10,7,42);
INSERT INTO "Projets" VALUES (11,3,1);
INSERT INTO "Projets" VALUES (12,3,2);
INSERT INTO "Projets" VALUES (13,7,8);
INSERT INTO "Projets" VALUES (14,3,1);
INSERT INTO "Projets" VALUES (15,7,2);
INSERT INTO "Projets" VALUES (16,2,3);
INSERT INTO "Projets" VALUES (17,7,9);
INSERT INTO "Projets" VALUES (18,7,9);
INSERT INTO "Projets" VALUES (19,2,8);
INSERT INTO "Projets" VALUES (20,2,8);
INSERT INTO "Projets" VALUES (21,7,70);
INSERT INTO "Projets" VALUES (22,2,70);
INSERT INTO "Projets" VALUES (23,7,7);
INSERT INTO "Projets" VALUES (24,1,60);
INSERT INTO "Projets" VALUES (25,7,60);
INSERT INTO "Projets" VALUES (26,7,30);
INSERT INTO "Projets" VALUES (27,7,31);
INSERT INTO "Projets" VALUES (28,7,40);
INSERT INTO "Projets" VALUES (29,1,32);
INSERT INTO "Projets" VALUES (30,7,4);
INSERT INTO "Projets" VALUES (31,1,8);
INSERT INTO "Projets" VALUES (32,7,4);
INSERT INTO "Projets" VALUES (33,4,55);
INSERT INTO "Projets" VALUES (34,1,22);
INSERT INTO "Projets" VALUES (35,7,13);
INSERT INTO "Projets" VALUES (36,3,26);
INSERT INTO "Projets" VALUES (37,2,17);
INSERT INTO "Projets" VALUES (38,3,1);
INSERT INTO "Projets" VALUES (39,3,6);
INSERT INTO "Projets" VALUES (40,2,7);
INSERT INTO "Projets" VALUES (41,2,33);
INSERT INTO "Projets" VALUES (42,1,26);
INSERT INTO "Projets" VALUES (43,2,15);
INSERT INTO "Projets" VALUES (44,7,15);
INSERT INTO "Projets" VALUES (45,2,14);
INSERT INTO "Projets" VALUES (46,4,10);
INSERT INTO "Projets" VALUES (47,7,6);
INSERT INTO "Projets" VALUES (48,7,16);
INSERT INTO "Projets" VALUES (49,7,18);
INSERT INTO "Projets" VALUES (50,2,21);
INSERT INTO "Projets" VALUES (51,7,39);
INSERT INTO "Projets" VALUES (52,3,17);
INSERT INTO "Projets" VALUES (53,3,34);
INSERT INTO "Projets" VALUES (54,4,11);
INSERT INTO "Projets" VALUES (55,3,46);
INSERT INTO "Projets" VALUES (56,4,55);
INSERT INTO "Projets" VALUES (57,4,20);
INSERT INTO "Projets" VALUES (58,3,32);
INSERT INTO "Projets" VALUES (59,3,18);
INSERT INTO "Projets" VALUES (60,4,8);
INSERT INTO "Projets" VALUES (61,3,43);
INSERT INTO "Projets" VALUES (62,4,58);
INSERT INTO "Projets" VALUES (63,4,31);
INSERT INTO "Projets" VALUES (64,3,39);
INSERT INTO "Projets" VALUES (65,4,44);
INSERT INTO "Projets" VALUES (66,3,48);
INSERT INTO "Projets" VALUES (67,4,43);
INSERT INTO "Projets" VALUES (68,3,47);
INSERT INTO "Projets" VALUES (69,4,44);
INSERT INTO "Projets" VALUES (70,7,10);
INSERT INTO "Projets" VALUES (71,3,29);
INSERT INTO "Projets" VALUES (72,3,54);
INSERT INTO "Projets" VALUES (73,7,45);
INSERT INTO "Projets" VALUES (74,7,66);
INSERT INTO "Projets" VALUES (75,3,29);
INSERT INTO "Projets" VALUES (76,3,43);
INSERT INTO "Projets" VALUES (77,4,24);
INSERT INTO "Projets" VALUES (78,3,25);
INSERT INTO "Projets" VALUES (79,3,34);
INSERT INTO "Projets" VALUES (80,4,24);
INSERT INTO "Projets" VALUES (81,3,45);
INSERT INTO "Projets" VALUES (82,4,52);
INSERT INTO "Projets" VALUES (83,2,30);
INSERT INTO "Projets" VALUES (84,3,23);
INSERT INTO "Projets" VALUES (85,2,25);
INSERT INTO "Projets" VALUES (86,1,28);
INSERT INTO "Projets" VALUES (87,1,27);
INSERT INTO "Projets" VALUES (88,3,49);
INSERT INTO "Projets" VALUES (89,1,36);
INSERT INTO "Projets" VALUES (90,2,27);
INSERT INTO "Projets" VALUES (91,3,63);
INSERT INTO "Projets" VALUES (92,4,23);
INSERT INTO "Projets" VALUES (93,2,77);
INSERT INTO "Projets" VALUES (94,3,46);
INSERT INTO "Projets" VALUES (95,2,37);
INSERT INTO "Projets" VALUES (96,4,53);
INSERT INTO "Projets" VALUES (97,2,46);
INSERT INTO "Projets" VALUES (98,3,71);
INSERT INTO "Projets" VALUES (99,3,56);
INSERT INTO "Projets" VALUES (100,1,35);
INSERT INTO "Projets" VALUES (101,3,61);
INSERT INTO "Projets" VALUES (102,1,57);
INSERT INTO "Projets" VALUES (103,3,53);
INSERT INTO "Projets" VALUES (104,4,52);
INSERT INTO "Projets" VALUES (105,1,49);
INSERT INTO "Projets" VALUES (106,3,35);
INSERT INTO "Projets" VALUES (107,4,59);
INSERT INTO "Projets" VALUES (108,5,63);
INSERT INTO "Projets" VALUES (109,5,54);
INSERT INTO "Projets" VALUES (110,5,67);
INSERT INTO "Projets" VALUES (111,5,54);
INSERT INTO "Projets" VALUES (112,5,56);
INSERT INTO "Projets" VALUES (113,5,57);
INSERT INTO "Projets" VALUES (114,5,61);
INSERT INTO "Projets" VALUES (115,5,60);
INSERT INTO "Projets" VALUES (116,5,62);
INSERT INTO "Projets" VALUES (117,5,77);
INSERT INTO "Projets" VALUES (118,5,74);
INSERT INTO "Projets" VALUES (119,5,72);
INSERT INTO "Projets" VALUES (120,5,65);
INSERT INTO "Projets" VALUES (121,5,68);
INSERT INTO "Projets" VALUES (122,5,73);
INSERT INTO "Projets" VALUES (123,5,71);
INSERT INTO "Projets" VALUES (124,5,62);
INSERT INTO "Projets" VALUES (125,5,67);
INSERT INTO "Projets" VALUES (126,6,20);
INSERT INTO "Projets" VALUES (127,6,65);
INSERT INTO "Projets" VALUES (128,6,76);
INSERT INTO "Projets" VALUES (129,6,75);
INSERT INTO "Projets" VALUES (130,6,64);
INSERT INTO "Projets" VALUES (131,6,69);
INSERT INTO "Projets" VALUES (132,6,38);
INSERT INTO "Projets" VALUES (133,6,72);
INSERT INTO "Projets" VALUES (134,6,77);
INSERT INTO "Projets" VALUES (135,6,19);
INSERT INTO "Projets" VALUES (136,6,71);
INSERT INTO "Projets" VALUES (137,6,68);
INSERT INTO "Projets" VALUES (138,6,38);
INSERT INTO "Projets" VALUES (139,6,73);
INSERT INTO "Projets" VALUES (140,6,67);
INSERT INTO "Projets" VALUES (141,6,77);
INSERT INTO "Projets" VALUES (142,6,19);
INSERT INTO "Projets" VALUES (143,6,74);
INSERT INTO "Projets" VALUES (144,6,16);
INSERT INTO "Projets" VALUES (145,3,58);
INSERT INTO "Projets" VALUES (146,7,75);
INSERT INTO "Projets" VALUES (147,3,78);
INSERT INTO "Projets" VALUES (148,3,78);
INSERT INTO "Projets" VALUES (149,4,76);
INSERT INTO "Projets" VALUES (150,7,12);
INSERT INTO "Departement" VALUES (1,'gros œuvre','martin');
INSERT INTO "Departement" VALUES (2,'peinture','Moreau');
INSERT INTO "Departement" VALUES (3,'électricité','Laurent');
INSERT INTO "Departement" VALUES (4,'maçonnerie','Roux');
INSERT INTO "Departement" VALUES (5,'charpenterie','Lambert');
INSERT INTO "Departement" VALUES (6,'placoplatre','Girard');
INSERT INTO "Departement" VALUES (7,'carrelure','Morin');
INSERT INTO "Heures_Travaillées" VALUES (1,2,151);
INSERT INTO "Heures_Travaillées" VALUES (1,3,145);
INSERT INTO "Heures_Travaillées" VALUES (1,37,196);
INSERT INTO "Heures_Travaillées" VALUES (2,15,55);
INSERT INTO "Heures_Travaillées" VALUES (2,21,121);
INSERT INTO "Heures_Travaillées" VALUES (2,35,80);
INSERT INTO "Heures_Travaillées" VALUES (3,12,194);
INSERT INTO "Heures_Travaillées" VALUES (3,32,110);
INSERT INTO "Heures_Travaillées" VALUES (3,42,154);
INSERT INTO "Heures_Travaillées" VALUES (4,4,64);
INSERT INTO "Heures_Travaillées" VALUES (4,14,188);
INSERT INTO "Heures_Travaillées" VALUES (4,22,58);
INSERT INTO "Heures_Travaillées" VALUES (5,12,117);
INSERT INTO "Heures_Travaillées" VALUES (5,15,145);
INSERT INTO "Heures_Travaillées" VALUES (5,50,59);
INSERT INTO "Heures_Travaillées" VALUES (6,40,182);
INSERT INTO "Heures_Travaillées" VALUES (6,42,153);
INSERT INTO "Heures_Travaillées" VALUES (7,12,90);
INSERT INTO "Heures_Travaillées" VALUES (7,49,60);
INSERT INTO "Heures_Travaillées" VALUES (7,50,138);
INSERT INTO "Heures_Travaillées" VALUES (8,17,78);
INSERT INTO "Heures_Travaillées" VALUES (8,21,66);
INSERT INTO "Heures_Travaillées" VALUES (8,40,193);
INSERT INTO "Heures_Travaillées" VALUES (9,8,89);
INSERT INTO "Heures_Travaillées" VALUES (9,13,144);
INSERT INTO "Heures_Travaillées" VALUES (9,42,131);
INSERT INTO "Heures_Travaillées" VALUES (9,50,183);
INSERT INTO "Heures_Travaillées" VALUES (10,28,112);
INSERT INTO "Heures_Travaillées" VALUES (10,44,182);
INSERT INTO "Heures_Travaillées" VALUES (10,49,90);
INSERT INTO "Heures_Travaillées" VALUES (11,6,171);
INSERT INTO "Heures_Travaillées" VALUES (11,11,145);
INSERT INTO "Heures_Travaillées" VALUES (11,38,95);
INSERT INTO "Heures_Travaillées" VALUES (12,8,95);
INSERT INTO "Heures_Travaillées" VALUES (12,21,150);
INSERT INTO "Heures_Travaillées" VALUES (12,43,200);
INSERT INTO "Heures_Travaillées" VALUES (13,9,103);
INSERT INTO "Heures_Travaillées" VALUES (13,14,66);
INSERT INTO "Heures_Travaillées" VALUES (13,36,99);
INSERT INTO "Heures_Travaillées" VALUES (14,9,155);
INSERT INTO "Heures_Travaillées" VALUES (14,19,112);
INSERT INTO "Heures_Travaillées" VALUES (14,44,175);
INSERT INTO "Heures_Travaillées" VALUES (15,22,106);
INSERT INTO "Heures_Travaillées" VALUES (15,28,87);
INSERT INTO "Heures_Travaillées" VALUES (15,48,66);
INSERT INTO "Heures_Travaillées" VALUES (16,13,94);
INSERT INTO "Heures_Travaillées" VALUES (16,14,95);
INSERT INTO "Heures_Travaillées" VALUES (16,46,75);
INSERT INTO "Heures_Travaillées" VALUES (17,10,165);
INSERT INTO "Heures_Travaillées" VALUES (17,19,82);
INSERT INTO "Heures_Travaillées" VALUES (17,26,52);
INSERT INTO "Heures_Travaillées" VALUES (18,23,169);
INSERT INTO "Heures_Travaillées" VALUES (18,29,158);
INSERT INTO "Heures_Travaillées" VALUES (18,50,194);
INSERT INTO "Heures_Travaillées" VALUES (19,7,81);
INSERT INTO "Heures_Travaillées" VALUES (19,29,85);
INSERT INTO "Heures_Travaillées" VALUES (19,45,127);
INSERT INTO "Heures_Travaillées" VALUES (20,22,52);
INSERT INTO "Heures_Travaillées" VALUES (20,43,152);
INSERT INTO "Heures_Travaillées" VALUES (20,47,67);
INSERT INTO "Heures_Travaillées" VALUES (21,34,85);
INSERT INTO "Heures_Travaillées" VALUES (21,38,108);
INSERT INTO "Heures_Travaillées" VALUES (21,48,145);
INSERT INTO "Heures_Travaillées" VALUES (22,4,198);
INSERT INTO "Heures_Travaillées" VALUES (22,27,145);
INSERT INTO "Heures_Travaillées" VALUES (22,28,113);
INSERT INTO "Heures_Travaillées" VALUES (23,2,76);
INSERT INTO "Heures_Travaillées" VALUES (23,12,146);
INSERT INTO "Heures_Travaillées" VALUES (23,43,121);
INSERT INTO "Heures_Travaillées" VALUES (24,18,123);
INSERT INTO "Heures_Travaillées" VALUES (24,20,129);
INSERT INTO "Heures_Travaillées" VALUES (24,45,170);
INSERT INTO "Heures_Travaillées" VALUES (25,8,94);
INSERT INTO "Heures_Travaillées" VALUES (25,11,85);
INSERT INTO "Heures_Travaillées" VALUES (25,50,129);
INSERT INTO "Heures_Travaillées" VALUES (26,1,66);
INSERT INTO "Heures_Travaillées" VALUES (26,30,80);
INSERT INTO "Heures_Travaillées" VALUES (26,47,67);
INSERT INTO "Heures_Travaillées" VALUES (27,4,58);
INSERT INTO "Heures_Travaillées" VALUES (27,17,63);
INSERT INTO "Heures_Travaillées" VALUES (27,47,194);
INSERT INTO "Heures_Travaillées" VALUES (28,10,51);
INSERT INTO "Heures_Travaillées" VALUES (28,25,195);
INSERT INTO "Heures_Travaillées" VALUES (28,42,102);
INSERT INTO "Heures_Travaillées" VALUES (29,20,108);
INSERT INTO "Heures_Travaillées" VALUES (29,33,150);
INSERT INTO "Heures_Travaillées" VALUES (29,44,55);
INSERT INTO "Heures_Travaillées" VALUES (30,12,163);
INSERT INTO "Heures_Travaillées" VALUES (30,13,102);
INSERT INTO "Heures_Travaillées" VALUES (30,27,95);
INSERT INTO "Heures_Travaillées" VALUES (31,6,167);
INSERT INTO "Heures_Travaillées" VALUES (31,15,132);
INSERT INTO "Heures_Travaillées" VALUES (31,26,144);
INSERT INTO "Heures_Travaillées" VALUES (32,12,106);
INSERT INTO "Heures_Travaillées" VALUES (32,29,63);
INSERT INTO "Heures_Travaillées" VALUES (32,44,145);
INSERT INTO "Heures_Travaillées" VALUES (33,12,190);
INSERT INTO "Heures_Travaillées" VALUES (33,17,71);
INSERT INTO "Heures_Travaillées" VALUES (33,31,66);
INSERT INTO "Heures_Travaillées" VALUES (34,20,165);
INSERT INTO "Heures_Travaillées" VALUES (34,43,52);
INSERT INTO "Heures_Travaillées" VALUES (34,45,78);
INSERT INTO "Heures_Travaillées" VALUES (35,15,133);
INSERT INTO "Heures_Travaillées" VALUES (35,17,110);
INSERT INTO "Heures_Travaillées" VALUES (35,31,127);
INSERT INTO "Heures_Travaillées" VALUES (36,21,50);
INSERT INTO "Heures_Travaillées" VALUES (36,28,88);
INSERT INTO "Heures_Travaillées" VALUES (36,31,163);
INSERT INTO "Heures_Travaillées" VALUES (37,3,142);
INSERT INTO "Heures_Travaillées" VALUES (37,10,82);
INSERT INTO "Heures_Travaillées" VALUES (37,50,142);
INSERT INTO "Heures_Travaillées" VALUES (38,6,163);
INSERT INTO "Heures_Travaillées" VALUES (38,30,58);
INSERT INTO "Heures_Travaillées" VALUES (38,31,170);
INSERT INTO "Heures_Travaillées" VALUES (39,31,100);
INSERT INTO "Heures_Travaillées" VALUES (39,41,147);
INSERT INTO "Heures_Travaillées" VALUES (40,13,125);
INSERT INTO "Heures_Travaillées" VALUES (40,39,152);
INSERT INTO "Heures_Travaillées" VALUES (41,6,168);
INSERT INTO "Heures_Travaillées" VALUES (41,21,66);
INSERT INTO "Heures_Travaillées" VALUES (41,49,170);
INSERT INTO "Heures_Travaillées" VALUES (42,2,173);
INSERT INTO "Heures_Travaillées" VALUES (42,5,107);
INSERT INTO "Heures_Travaillées" VALUES (42,8,117);
INSERT INTO "Heures_Travaillées" VALUES (42,22,178);
INSERT INTO "Heures_Travaillées" VALUES (43,22,153);
INSERT INTO "Heures_Travaillées" VALUES (43,32,190);
INSERT INTO "Heures_Travaillées" VALUES (43,49,154);
INSERT INTO "Heures_Travaillées" VALUES (44,17,53);
INSERT INTO "Heures_Travaillées" VALUES (44,33,153);
INSERT INTO "Heures_Travaillées" VALUES (44,34,72);
INSERT INTO "Heures_Travaillées" VALUES (45,11,56);
INSERT INTO "Heures_Travaillées" VALUES (45,18,171);
INSERT INTO "Heures_Travaillées" VALUES (45,35,157);
INSERT INTO "Heures_Travaillées" VALUES (46,9,70);
INSERT INTO "Heures_Travaillées" VALUES (46,18,152);
INSERT INTO "Heures_Travaillées" VALUES (47,13,69);
INSERT INTO "Heures_Travaillées" VALUES (47,27,107);
INSERT INTO "Heures_Travaillées" VALUES (47,31,87);
INSERT INTO "Heures_Travaillées" VALUES (47,39,90);
INSERT INTO "Heures_Travaillées" VALUES (48,7,78);
INSERT INTO "Heures_Travaillées" VALUES (48,8,50);
INSERT INTO "Heures_Travaillées" VALUES (48,35,100);
INSERT INTO "Heures_Travaillées" VALUES (48,45,91);
INSERT INTO "Heures_Travaillées" VALUES (49,9,114);
INSERT INTO "Heures_Travaillées" VALUES (49,11,104);
INSERT INTO "Heures_Travaillées" VALUES (49,48,120);
INSERT INTO "Heures_Travaillées" VALUES (50,12,173);
INSERT INTO "Heures_Travaillées" VALUES (50,19,113);
INSERT INTO "Heures_Travaillées" VALUES (50,46,172);
INSERT INTO "Heures_Travaillées" VALUES (51,15,150);
INSERT INTO "Heures_Travaillées" VALUES (51,25,125);
INSERT INTO "Heures_Travaillées" VALUES (51,43,197);
INSERT INTO "Heures_Travaillées" VALUES (52,7,128);
INSERT INTO "Heures_Travaillées" VALUES (52,10,128);
INSERT INTO "Heures_Travaillées" VALUES (52,19,53);
INSERT INTO "Heures_Travaillées" VALUES (53,27,152);
INSERT INTO "Heures_Travaillées" VALUES (53,35,164);
INSERT INTO "Heures_Travaillées" VALUES (53,39,64);
INSERT INTO "Heures_Travaillées" VALUES (54,5,142);
INSERT INTO "Heures_Travaillées" VALUES (54,34,105);
INSERT INTO "Heures_Travaillées" VALUES (54,39,150);
INSERT INTO "Heures_Travaillées" VALUES (55,6,123);
INSERT INTO "Heures_Travaillées" VALUES (55,21,188);
INSERT INTO "Heures_Travaillées" VALUES (56,1,187);
INSERT INTO "Heures_Travaillées" VALUES (56,14,181);
INSERT INTO "Heures_Travaillées" VALUES (56,33,61);
INSERT INTO "Heures_Travaillées" VALUES (56,34,58);
INSERT INTO "Heures_Travaillées" VALUES (57,3,135);
INSERT INTO "Heures_Travaillées" VALUES (57,10,100);
INSERT INTO "Heures_Travaillées" VALUES (57,29,127);
INSERT INTO "Heures_Travaillées" VALUES (58,5,58);
INSERT INTO "Heures_Travaillées" VALUES (58,13,55);
INSERT INTO "Heures_Travaillées" VALUES (58,27,65);
INSERT INTO "Heures_Travaillées" VALUES (59,7,192);
INSERT INTO "Heures_Travaillées" VALUES (59,27,151);
INSERT INTO "Heures_Travaillées" VALUES (59,33,191);
INSERT INTO "Heures_Travaillées" VALUES (60,5,136);
INSERT INTO "Heures_Travaillées" VALUES (60,9,198);
INSERT INTO "Heures_Travaillées" VALUES (60,34,166);
INSERT INTO "Heures_Travaillées" VALUES (61,7,107);
INSERT INTO "Heures_Travaillées" VALUES (61,33,78);
INSERT INTO "Heures_Travaillées" VALUES (61,47,162);
INSERT INTO "Heures_Travaillées" VALUES (62,1,61);
INSERT INTO "Heures_Travaillées" VALUES (62,17,180);
INSERT INTO "Heures_Travaillées" VALUES (62,18,153);
INSERT INTO "Heures_Travaillées" VALUES (63,3,136);
INSERT INTO "Heures_Travaillées" VALUES (63,14,139);
INSERT INTO "Heures_Travaillées" VALUES (63,46,194);
INSERT INTO "Heures_Travaillées" VALUES (64,11,132);
INSERT INTO "Heures_Travaillées" VALUES (64,24,179);
INSERT INTO "Heures_Travaillées" VALUES (64,42,77);
INSERT INTO "Heures_Travaillées" VALUES (65,5,121);
INSERT INTO "Heures_Travaillées" VALUES (65,9,193);
INSERT INTO "Heures_Travaillées" VALUES (65,29,149);
INSERT INTO "Heures_Travaillées" VALUES (66,13,139);
INSERT INTO "Heures_Travaillées" VALUES (66,28,139);
INSERT INTO "Heures_Travaillées" VALUES (66,31,177);
INSERT INTO "Heures_Travaillées" VALUES (67,16,200);
INSERT INTO "Heures_Travaillées" VALUES (67,32,129);
INSERT INTO "Heures_Travaillées" VALUES (68,1,106);
INSERT INTO "Heures_Travaillées" VALUES (68,6,173);
INSERT INTO "Heures_Travaillées" VALUES (68,27,194);
INSERT INTO "Heures_Travaillées" VALUES (69,2,70);
INSERT INTO "Heures_Travaillées" VALUES (69,8,104);
INSERT INTO "Heures_Travaillées" VALUES (69,34,147);
INSERT INTO "Heures_Travaillées" VALUES (70,18,64);
INSERT INTO "Heures_Travaillées" VALUES (70,32,171);
INSERT INTO "Heures_Travaillées" VALUES (70,39,92);
INSERT INTO "Heures_Travaillées" VALUES (71,17,57);
INSERT INTO "Heures_Travaillées" VALUES (71,27,128);
INSERT INTO "Heures_Travaillées" VALUES (71,30,73);
INSERT INTO "Heures_Travaillées" VALUES (72,1,105);
INSERT INTO "Heures_Travaillées" VALUES (72,4,150);
INSERT INTO "Heures_Travaillées" VALUES (72,23,139);
INSERT INTO "Heures_Travaillées" VALUES (73,18,177);
INSERT INTO "Heures_Travaillées" VALUES (73,29,138);
INSERT INTO "Heures_Travaillées" VALUES (73,33,153);
INSERT INTO "Heures_Travaillées" VALUES (74,25,65);
INSERT INTO "Heures_Travaillées" VALUES (74,44,72);
INSERT INTO "Heures_Travaillées" VALUES (75,1,103);
INSERT INTO "Heures_Travaillées" VALUES (75,6,178);
INSERT INTO "Heures_Travaillées" VALUES (75,8,126);
INSERT INTO "Heures_Travaillées" VALUES (75,49,139);
INSERT INTO "Heures_Travaillées" VALUES (76,5,152);
INSERT INTO "Heures_Travaillées" VALUES (76,37,185);
INSERT INTO "Heures_Travaillées" VALUES (76,45,158);
INSERT INTO "Heures_Travaillées" VALUES (77,10,90);
INSERT INTO "Heures_Travaillées" VALUES (77,23,116);
INSERT INTO "Heures_Travaillées" VALUES (77,45,93);
INSERT INTO "Heures_Travaillées" VALUES (78,15,109);
INSERT INTO "Heures_Travaillées" VALUES (78,31,122);
INSERT INTO "Heures_Travaillées" VALUES (78,33,168);
INSERT INTO "Heures_Travaillées" VALUES (78,45,156);
INSERT INTO "Heures_Travaillées" VALUES (79,5,109);
INSERT INTO "Heures_Travaillées" VALUES (79,21,192);
INSERT INTO "Heures_Travaillées" VALUES (79,37,81);
INSERT INTO "Heures_Travaillées" VALUES (80,5,87);
INSERT INTO "Heures_Travaillées" VALUES (80,10,82);
INSERT INTO "Heures_Travaillées" VALUES (80,42,73);
INSERT INTO "Heures_Travaillées" VALUES (81,19,165);
INSERT INTO "Heures_Travaillées" VALUES (81,21,67);
INSERT INTO "Heures_Travaillées" VALUES (81,37,150);
INSERT INTO "Heures_Travaillées" VALUES (82,8,193);
INSERT INTO "Heures_Travaillées" VALUES (82,22,107);
INSERT INTO "Heures_Travaillées" VALUES (82,48,97);
INSERT INTO "Heures_Travaillées" VALUES (83,45,149);
INSERT INTO "Heures_Travaillées" VALUES (83,47,107);
INSERT INTO "Heures_Travaillées" VALUES (83,48,182);
INSERT INTO "Heures_Travaillées" VALUES (84,10,148);
INSERT INTO "Heures_Travaillées" VALUES (84,18,144);
INSERT INTO "Heures_Travaillées" VALUES (84,30,100);
INSERT INTO "Heures_Travaillées" VALUES (85,3,134);
INSERT INTO "Heures_Travaillées" VALUES (85,18,172);
INSERT INTO "Heures_Travaillées" VALUES (85,40,128);
INSERT INTO "Heures_Travaillées" VALUES (86,24,106);
INSERT INTO "Heures_Travaillées" VALUES (86,45,101);
INSERT INTO "Heures_Travaillées" VALUES (86,47,98);
INSERT INTO "Heures_Travaillées" VALUES (87,5,68);
INSERT INTO "Heures_Travaillées" VALUES (87,7,150);
INSERT INTO "Heures_Travaillées" VALUES (87,16,126);
INSERT INTO "Heures_Travaillées" VALUES (88,1,98);
INSERT INTO "Heures_Travaillées" VALUES (88,36,113);
INSERT INTO "Heures_Travaillées" VALUES (88,46,113);
INSERT INTO "Heures_Travaillées" VALUES (89,1,147);
INSERT INTO "Heures_Travaillées" VALUES (89,24,84);
INSERT INTO "Heures_Travaillées" VALUES (89,36,54);
INSERT INTO "Heures_Travaillées" VALUES (90,3,101);
INSERT INTO "Heures_Travaillées" VALUES (90,11,81);
INSERT INTO "Heures_Travaillées" VALUES (90,27,98);
INSERT INTO "Heures_Travaillées" VALUES (91,22,129);
INSERT INTO "Heures_Travaillées" VALUES (91,37,119);
INSERT INTO "Heures_Travaillées" VALUES (91,49,142);
INSERT INTO "Heures_Travaillées" VALUES (92,7,159);
INSERT INTO "Heures_Travaillées" VALUES (92,28,99);
INSERT INTO "Heures_Travaillées" VALUES (92,32,69);
INSERT INTO "Heures_Travaillées" VALUES (93,21,134);
INSERT INTO "Heures_Travaillées" VALUES (93,24,177);
INSERT INTO "Heures_Travaillées" VALUES (93,33,98);
INSERT INTO "Heures_Travaillées" VALUES (94,9,57);
INSERT INTO "Heures_Travaillées" VALUES (94,29,79);
INSERT INTO "Heures_Travaillées" VALUES (94,40,102);
INSERT INTO "Heures_Travaillées" VALUES (95,19,62);
INSERT INTO "Heures_Travaillées" VALUES (95,29,125);
INSERT INTO "Heures_Travaillées" VALUES (95,42,141);
INSERT INTO "Heures_Travaillées" VALUES (96,15,154);
INSERT INTO "Heures_Travaillées" VALUES (96,21,170);
INSERT INTO "Heures_Travaillées" VALUES (96,36,140);
INSERT INTO "Heures_Travaillées" VALUES (97,2,58);
INSERT INTO "Heures_Travaillées" VALUES (97,10,149);
INSERT INTO "Heures_Travaillées" VALUES (97,28,144);
INSERT INTO "Heures_Travaillées" VALUES (98,26,69);
INSERT INTO "Heures_Travaillées" VALUES (98,29,70);
INSERT INTO "Heures_Travaillées" VALUES (98,33,104);
INSERT INTO "Heures_Travaillées" VALUES (99,9,85);
INSERT INTO "Heures_Travaillées" VALUES (99,10,154);
INSERT INTO "Heures_Travaillées" VALUES (99,35,191);
INSERT INTO "Heures_Travaillées" VALUES (100,21,142);
INSERT INTO "Heures_Travaillées" VALUES (100,26,154);
INSERT INTO "Heures_Travaillées" VALUES (101,22,191);
INSERT INTO "Heures_Travaillées" VALUES (101,27,180);
INSERT INTO "Heures_Travaillées" VALUES (101,31,196);
INSERT INTO "Heures_Travaillées" VALUES (101,32,103);
INSERT INTO "Heures_Travaillées" VALUES (102,20,89);
INSERT INTO "Heures_Travaillées" VALUES (102,39,152);
INSERT INTO "Heures_Travaillées" VALUES (102,46,191);
INSERT INTO "Heures_Travaillées" VALUES (103,21,85);
INSERT INTO "Heures_Travaillées" VALUES (103,28,171);
INSERT INTO "Heures_Travaillées" VALUES (103,44,183);
INSERT INTO "Heures_Travaillées" VALUES (104,6,169);
INSERT INTO "Heures_Travaillées" VALUES (104,26,113);
INSERT INTO "Heures_Travaillées" VALUES (104,33,135);
INSERT INTO "Heures_Travaillées" VALUES (105,1,112);
INSERT INTO "Heures_Travaillées" VALUES (105,28,192);
INSERT INTO "Heures_Travaillées" VALUES (105,29,136);
INSERT INTO "Heures_Travaillées" VALUES (106,5,123);
INSERT INTO "Heures_Travaillées" VALUES (106,15,198);
INSERT INTO "Heures_Travaillées" VALUES (106,26,105);
INSERT INTO "Heures_Travaillées" VALUES (107,8,199);
INSERT INTO "Heures_Travaillées" VALUES (107,42,197);
INSERT INTO "Heures_Travaillées" VALUES (107,48,137);
INSERT INTO "Heures_Travaillées" VALUES (108,16,199);
INSERT INTO "Heures_Travaillées" VALUES (108,33,60);
INSERT INTO "Heures_Travaillées" VALUES (108,50,149);
INSERT INTO "Heures_Travaillées" VALUES (109,19,55);
INSERT INTO "Heures_Travaillées" VALUES (109,32,102);
INSERT INTO "Heures_Travaillées" VALUES (109,48,92);
INSERT INTO "Heures_Travaillées" VALUES (110,5,107);
INSERT INTO "Heures_Travaillées" VALUES (110,9,135);
INSERT INTO "Heures_Travaillées" VALUES (110,12,80);
INSERT INTO "Heures_Travaillées" VALUES (111,28,192);
INSERT INTO "Heures_Travaillées" VALUES (111,30,85);
INSERT INTO "Heures_Travaillées" VALUES (111,40,196);
INSERT INTO "Heures_Travaillées" VALUES (112,1,74);
INSERT INTO "Heures_Travaillées" VALUES (112,4,135);
INSERT INTO "Heures_Travaillées" VALUES (112,13,61);
INSERT INTO "Heures_Travaillées" VALUES (113,5,104);
INSERT INTO "Heures_Travaillées" VALUES (113,29,139);
INSERT INTO "Heures_Travaillées" VALUES (113,39,85);
INSERT INTO "Heures_Travaillées" VALUES (114,32,130);
INSERT INTO "Heures_Travaillées" VALUES (114,40,82);
INSERT INTO "Heures_Travaillées" VALUES (114,43,170);
INSERT INTO "Heures_Travaillées" VALUES (115,4,177);
INSERT INTO "Heures_Travaillées" VALUES (115,21,127);
INSERT INTO "Heures_Travaillées" VALUES (115,35,153);
INSERT INTO "Heures_Travaillées" VALUES (116,8,96);
INSERT INTO "Heures_Travaillées" VALUES (116,9,51);
INSERT INTO "Heures_Travaillées" VALUES (116,41,97);
INSERT INTO "Heures_Travaillées" VALUES (117,19,152);
INSERT INTO "Heures_Travaillées" VALUES (118,1,127);
INSERT INTO "Heures_Travaillées" VALUES (118,22,108);
INSERT INTO "Heures_Travaillées" VALUES (118,44,82);
INSERT INTO "Heures_Travaillées" VALUES (118,46,115);
INSERT INTO "Heures_Travaillées" VALUES (119,5,121);
INSERT INTO "Heures_Travaillées" VALUES (119,13,140);
INSERT INTO "Heures_Travaillées" VALUES (119,24,70);
INSERT INTO "Heures_Travaillées" VALUES (120,6,143);
INSERT INTO "Heures_Travaillées" VALUES (120,25,99);
INSERT INTO "Heures_Travaillées" VALUES (120,43,63);
INSERT INTO "Heures_Travaillées" VALUES (120,45,102);
INSERT INTO "Heures_Travaillées" VALUES (121,8,116);
INSERT INTO "Heures_Travaillées" VALUES (121,15,92);
INSERT INTO "Heures_Travaillées" VALUES (121,36,144);
INSERT INTO "Heures_Travaillées" VALUES (122,17,56);
INSERT INTO "Heures_Travaillées" VALUES (122,27,65);
INSERT INTO "Heures_Travaillées" VALUES (122,35,62);
INSERT INTO "Heures_Travaillées" VALUES (123,22,131);
INSERT INTO "Heures_Travaillées" VALUES (123,33,57);
INSERT INTO "Heures_Travaillées" VALUES (123,46,69);
INSERT INTO "Heures_Travaillées" VALUES (124,5,67);
INSERT INTO "Heures_Travaillées" VALUES (124,10,58);
INSERT INTO "Heures_Travaillées" VALUES (124,30,71);
INSERT INTO "Heures_Travaillées" VALUES (125,31,80);
INSERT INTO "Heures_Travaillées" VALUES (125,33,183);
INSERT INTO "Heures_Travaillées" VALUES (125,49,152);
INSERT INTO "Heures_Travaillées" VALUES (126,35,155);
INSERT INTO "Heures_Travaillées" VALUES (126,40,60);
INSERT INTO "Heures_Travaillées" VALUES (126,42,94);
INSERT INTO "Heures_Travaillées" VALUES (127,8,50);
INSERT INTO "Heures_Travaillées" VALUES (127,10,116);
INSERT INTO "Heures_Travaillées" VALUES (127,35,71);
INSERT INTO "Heures_Travaillées" VALUES (128,6,178);
INSERT INTO "Heures_Travaillées" VALUES (128,14,64);
INSERT INTO "Heures_Travaillées" VALUES (128,24,160);
INSERT INTO "Heures_Travaillées" VALUES (129,16,66);
INSERT INTO "Heures_Travaillées" VALUES (129,23,50);
INSERT INTO "Heures_Travaillées" VALUES (129,31,117);
INSERT INTO "Heures_Travaillées" VALUES (130,3,139);
INSERT INTO "Heures_Travaillées" VALUES (130,18,89);
INSERT INTO "Heures_Travaillées" VALUES (130,33,169);
INSERT INTO "Heures_Travaillées" VALUES (131,20,168);
INSERT INTO "Heures_Travaillées" VALUES (131,26,52);
INSERT INTO "Heures_Travaillées" VALUES (131,37,81);
INSERT INTO "Heures_Travaillées" VALUES (132,8,52);
INSERT INTO "Heures_Travaillées" VALUES (132,20,70);
INSERT INTO "Heures_Travaillées" VALUES (132,23,169);
INSERT INTO "Heures_Travaillées" VALUES (133,17,154);
INSERT INTO "Heures_Travaillées" VALUES (133,32,194);
INSERT INTO "Heures_Travaillées" VALUES (133,42,144);
INSERT INTO "Heures_Travaillées" VALUES (134,17,63);
INSERT INTO "Heures_Travaillées" VALUES (134,27,181);
INSERT INTO "Heures_Travaillées" VALUES (134,48,121);
INSERT INTO "Heures_Travaillées" VALUES (135,1,69);
INSERT INTO "Heures_Travaillées" VALUES (135,8,125);
INSERT INTO "Heures_Travaillées" VALUES (135,49,62);
INSERT INTO "Heures_Travaillées" VALUES (136,29,74);
INSERT INTO "Employes" VALUES (1,'martin','martin@gmail.com',1,1);
INSERT INTO "Employes" VALUES (2,'Bernard ','Bernard@gmail.com',2,1);
INSERT INTO "Employes" VALUES (3,'Thomas ','Thomas@gmail.com',2,2);
INSERT INTO "Employes" VALUES (4,'Petit ','Petit@gmail.com',3,1);
INSERT INTO "Employes" VALUES (5,'Robert ','Robert@gmail.com',4,1);
INSERT INTO "Employes" VALUES (6,'Richard ','Richard@gmail.com',3,2);
INSERT INTO "Employes" VALUES (7,'Durand','Durand@gmail.com',5,7);
INSERT INTO "Employes" VALUES (8,'Dubois','Dubois@gmail.com',2,3);
INSERT INTO "Employes" VALUES (9,'Moreau','Moreau@gmail.com',1,2);
INSERT INTO "Employes" VALUES (10,'Laurent','Laurent@gmail.com',1,3);
INSERT INTO "Employes" VALUES (11,'Simon ','Simon@gmail.com',4,2);
INSERT INTO "Employes" VALUES (12,'Michel','Michel@gmail.com',2,4);
INSERT INTO "Employes" VALUES (13,'Lefebvre ','Lefebvre@gmail.com',5,1);
INSERT INTO "Employes" VALUES (14,'Leroy','Leroy@gmail.com',3,3);
INSERT INTO "Employes" VALUES (15,'Roux','Roux@gmail.com',1,4);
INSERT INTO "Employes" VALUES (16,'David','David@gmail.com',4,3);
INSERT INTO "Employes" VALUES (17,'Bertrand','Bertrand@gmail.com',3,4);
INSERT INTO "Employes" VALUES (18,'Morel','Morel@gmail.com',5,3);
INSERT INTO "Employes" VALUES (19,'Fournier','Fournier@gmail.com',4,4);
INSERT INTO "Employes" VALUES (20,'Girard','Girard@gmail.com',1,6);
INSERT INTO "Employes" VALUES (21,'Bonnet','Bonnet@gmail.com',4,5);
INSERT INTO "Employes" VALUES (22,'Dupont','Dupont@gmail.com',5,2);
INSERT INTO "Employes" VALUES (23,'Lambert','Lambert@gmail.com',1,5);
INSERT INTO "Employes" VALUES (24,'Fontaine','Fontaine@gmail.com',4,6);
INSERT INTO "Employes" VALUES (25,'Rousseau','Rousseau@gmail.com',5,4);
INSERT INTO "Employes" VALUES (26,'Vincent','Vincent@gmail.com',4,7);
INSERT INTO "Employes" VALUES (27,'Muller','Muller@gmail.com',5,5);
INSERT INTO "Employes" VALUES (28,'Lefevre','Lefevre@gmail.com',4,1);
INSERT INTO "Employes" VALUES (29,'Faure','faure@gmail.com',5,6);
INSERT INTO "Employes" VALUES (30,'Andre','Andre@gmail.com',4,2);
INSERT INTO "Employes" VALUES (31,'Mercier','Mercier@gmail.com',3,5);
INSERT INTO "Employes" VALUES (32,'Blanc','Blanc@gmail.com',5,7);
INSERT INTO "Employes" VALUES (33,'Guerin','Guerin@gmail.com',4,2);
INSERT INTO "Employes" VALUES (34,'Boyer','Boyer@gmail.com',5,7);
INSERT INTO "Employes" VALUES (35,'Chevalier','Chevalier@gmail.com',2,5);
INSERT INTO "Employes" VALUES (36,'Francois','francois@gmail.com',4,3);
INSERT INTO "Employes" VALUES (37,'Legrand','Legrand@gmail.com',5,6);
INSERT INTO "Employes" VALUES (38,'Gauthier','Gauthier@gmail.com',4,4);
INSERT INTO "Employes" VALUES (39,'Garcia','Garcia@gmail.com',2,6);
INSERT INTO "Employes" VALUES (40,'Perrin ','Perrin@gmail.com',5,3);
INSERT INTO "Employes" VALUES (41,'Robin ','Robin@gmail.com',3,6);
INSERT INTO "Employes" VALUES (42,'Clement','Clement@gmail.com',4,5);
INSERT INTO "Employes" VALUES (43,'Morin','Morin@gmail.com',1,7);
INSERT INTO "Employes" VALUES (44,'Nicolas','Nicolas@gmail.com',4,6);
INSERT INTO "Employes" VALUES (45,'Henry','Henry@gmail.com',2,7);
INSERT INTO "Employes" VALUES (46,'Roussel','Roussel@gmail.com',5,2);
INSERT INTO "Employes" VALUES (47,'Masson','Masson@gmail.com',3,7);
INSERT INTO "Employes" VALUES (48,'Marchand','Marchand@gmail.com',4,7);
INSERT INTO "Employes" VALUES (49,'Duval','Duval@gmail.com',5,1);
INSERT INTO "Employes" VALUES (50,'Denis','Denis@gmail.com',4,2);
INSERT INTO "Service_Technique" VALUES (150,1,114);
INSERT INTO "Service_Technique" VALUES (150,2,200);
INSERT INTO "Service_Technique" VALUES (150,3,153);
INSERT INTO "Service_Technique" VALUES (150,4,104);
INSERT INTO "Service_Technique" VALUES (150,5,166);
INSERT INTO "Service_Technique" VALUES (63,1,58);
INSERT INTO "Service_Technique" VALUES (63,2,192);
INSERT INTO "Service_Technique" VALUES (64,1,54);
INSERT INTO "Service_Technique" VALUES (64,2,106);
INSERT INTO "Service_Technique" VALUES (64,3,143);
INSERT INTO "Service_Technique" VALUES (64,4,91);
INSERT INTO "Service_Technique" VALUES (64,5,80);
INSERT INTO "Service_Technique" VALUES (65,1,183);
INSERT INTO "Service_Technique" VALUES (65,2,78);
INSERT INTO "Service_Technique" VALUES (65,3,121);
INSERT INTO "Service_Technique" VALUES (65,4,122);
INSERT INTO "Service_Technique" VALUES (65,5,187);
INSERT INTO "Service_Technique" VALUES (66,1,88);
INSERT INTO "Service_Technique" VALUES (66,2,188);
INSERT INTO "Service_Technique" VALUES (66,3,159);
INSERT INTO "Service_Technique" VALUES (66,4,118);
INSERT INTO "Service_Technique" VALUES (66,5,82);
INSERT INTO "Service_Technique" VALUES (67,1,178);
INSERT INTO "Service_Technique" VALUES (67,2,139);
INSERT INTO "Service_Technique" VALUES (67,3,53);
INSERT INTO "Service_Technique" VALUES (67,4,182);
INSERT INTO "Service_Technique" VALUES (67,5,186);
INSERT INTO "Service_Technique" VALUES (68,1,54);
INSERT INTO "Service_Technique" VALUES (68,2,116);
INSERT INTO "Service_Technique" VALUES (68,3,51);
INSERT INTO "Service_Technique" VALUES (68,4,151);
INSERT INTO "Service_Technique" VALUES (68,5,56);
INSERT INTO "Service_Technique" VALUES (69,1,135);
INSERT INTO "Service_Technique" VALUES (69,2,81);
INSERT INTO "Service_Technique" VALUES (69,3,72);
INSERT INTO "Service_Technique" VALUES (69,4,167);
INSERT INTO "Service_Technique" VALUES (69,5,77);
INSERT INTO "Service_Technique" VALUES (70,1,82);
INSERT INTO "Service_Technique" VALUES (70,2,143);
INSERT INTO "Service_Technique" VALUES (70,3,124);
INSERT INTO "Service_Technique" VALUES (70,4,152);
INSERT INTO "Service_Technique" VALUES (70,5,67);
INSERT INTO "Service_Technique" VALUES (71,1,190);
INSERT INTO "Service_Technique" VALUES (71,2,89);
INSERT INTO "Service_Technique" VALUES (71,3,182);
INSERT INTO "Service_Technique" VALUES (71,4,109);
INSERT INTO "Service_Technique" VALUES (71,5,183);
INSERT INTO "Service_Technique" VALUES (72,1,59);
INSERT INTO "Service_Technique" VALUES (72,2,161);
INSERT INTO "Service_Technique" VALUES (72,3,169);
INSERT INTO "Service_Technique" VALUES (72,4,75);
INSERT INTO "Service_Technique" VALUES (72,5,91);
INSERT INTO "Service_Technique" VALUES (73,1,56);
INSERT INTO "Service_Technique" VALUES (73,2,195);
INSERT INTO "Service_Technique" VALUES (73,3,104);
INSERT INTO "Service_Technique" VALUES (73,4,71);
INSERT INTO "Service_Technique" VALUES (73,5,59);
INSERT INTO "Service_Technique" VALUES (74,1,126);
INSERT INTO "Service_Technique" VALUES (74,2,119);
INSERT INTO "Service_Technique" VALUES (74,3,122);
INSERT INTO "Service_Technique" VALUES (74,4,179);
INSERT INTO "Service_Technique" VALUES (74,5,105);
INSERT INTO "Service_Technique" VALUES (75,1,179);
INSERT INTO "Service_Technique" VALUES (75,2,89);
INSERT INTO "Service_Technique" VALUES (75,3,65);
INSERT INTO "Service_Technique" VALUES (75,4,63);
INSERT INTO "Service_Technique" VALUES (75,5,167);
INSERT INTO "Service_Technique" VALUES (76,1,141);
INSERT INTO "Service_Technique" VALUES (76,2,123);
INSERT INTO "Service_Technique" VALUES (76,3,129);
INSERT INTO "Service_Technique" VALUES (76,4,127);
INSERT INTO "Service_Technique" VALUES (76,5,186);
INSERT INTO "Service_Technique" VALUES (77,1,113);
INSERT INTO "Service_Technique" VALUES (77,2,117);
INSERT INTO "Service_Technique" VALUES (77,3,169);
INSERT INTO "Service_Technique" VALUES (77,4,115);
INSERT INTO "Service_Technique" VALUES (77,5,65);
INSERT INTO "Service_Technique" VALUES (78,1,101);
INSERT INTO "Service_Technique" VALUES (78,2,140);
INSERT INTO "Service_Technique" VALUES (78,3,91);
INSERT INTO "Service_Technique" VALUES (78,4,177);
INSERT INTO "Service_Technique" VALUES (78,5,124);
INSERT INTO "Service_Technique" VALUES (79,1,181);
INSERT INTO "Service_Technique" VALUES (79,2,68);
INSERT INTO "Service_Technique" VALUES (79,3,76);
INSERT INTO "Service_Technique" VALUES (79,4,169);
INSERT INTO "Service_Technique" VALUES (79,5,194);
INSERT INTO "Service_Technique" VALUES (80,1,58);
INSERT INTO "Service_Technique" VALUES (80,2,93);
INSERT INTO "Service_Technique" VALUES (80,3,105);
INSERT INTO "Service_Technique" VALUES (80,4,142);
INSERT INTO "Service_Technique" VALUES (80,5,193);
INSERT INTO "Service_Technique" VALUES (81,1,75);
INSERT INTO "Service_Technique" VALUES (81,2,192);
INSERT INTO "Service_Technique" VALUES (81,3,154);
INSERT INTO "Service_Technique" VALUES (81,4,194);
INSERT INTO "Service_Technique" VALUES (81,5,162);
INSERT INTO "Service_Technique" VALUES (82,1,187);
INSERT INTO "Service_Technique" VALUES (82,2,72);
INSERT INTO "Service_Technique" VALUES (82,3,127);
INSERT INTO "Service_Technique" VALUES (82,4,59);
INSERT INTO "Service_Technique" VALUES (82,5,176);
INSERT INTO "Service_Technique" VALUES (83,1,105);
INSERT INTO "Service_Technique" VALUES (83,2,74);
INSERT INTO "Service_Technique" VALUES (83,3,136);
INSERT INTO "Service_Technique" VALUES (83,4,137);
INSERT INTO "Service_Technique" VALUES (83,5,70);
INSERT INTO "Service_Technique" VALUES (84,1,106);
INSERT INTO "Service_Technique" VALUES (84,2,156);
INSERT INTO "Service_Technique" VALUES (84,3,70);
INSERT INTO "Service_Technique" VALUES (84,4,193);
INSERT INTO "Service_Technique" VALUES (84,5,150);
INSERT INTO "Service_Technique" VALUES (85,1,168);
INSERT INTO "Service_Technique" VALUES (85,2,157);
INSERT INTO "Service_Technique" VALUES (85,3,74);
INSERT INTO "Service_Technique" VALUES (85,4,134);
INSERT INTO "Service_Technique" VALUES (85,5,162);
INSERT INTO "Service_Technique" VALUES (86,1,138);
INSERT INTO "Service_Technique" VALUES (86,2,93);
INSERT INTO "Service_Technique" VALUES (86,3,99);
INSERT INTO "Service_Technique" VALUES (86,4,64);
INSERT INTO "Service_Technique" VALUES (86,5,59);
INSERT INTO "Service_Technique" VALUES (87,1,75);
INSERT INTO "Service_Technique" VALUES (87,2,163);
INSERT INTO "Service_Technique" VALUES (87,3,72);
INSERT INTO "Service_Technique" VALUES (87,4,164);
INSERT INTO "Service_Technique" VALUES (87,5,101);
INSERT INTO "Service_Technique" VALUES (88,1,150);
INSERT INTO "Service_Technique" VALUES (88,2,83);
INSERT INTO "Service_Technique" VALUES (88,3,69);
INSERT INTO "Service_Technique" VALUES (88,4,52);
INSERT INTO "Service_Technique" VALUES (88,5,130);
INSERT INTO "Service_Technique" VALUES (89,1,110);
INSERT INTO "Service_Technique" VALUES (89,2,151);
INSERT INTO "Service_Technique" VALUES (89,3,167);
INSERT INTO "Service_Technique" VALUES (89,4,83);
INSERT INTO "Service_Technique" VALUES (89,5,119);
INSERT INTO "Service_Technique" VALUES (90,1,181);
INSERT INTO "Service_Technique" VALUES (90,2,195);
INSERT INTO "Service_Technique" VALUES (90,3,110);
INSERT INTO "Service_Technique" VALUES (90,4,75);
INSERT INTO "Service_Technique" VALUES (90,5,167);
INSERT INTO "Service_Technique" VALUES (91,1,156);
INSERT INTO "Service_Technique" VALUES (91,2,131);
INSERT INTO "Service_Technique" VALUES (91,3,109);
INSERT INTO "Service_Technique" VALUES (91,4,143);
INSERT INTO "Service_Technique" VALUES (91,5,112);
INSERT INTO "Service_Technique" VALUES (92,1,103);
INSERT INTO "Service_Technique" VALUES (92,2,62);
INSERT INTO "Service_Technique" VALUES (92,3,109);
INSERT INTO "Service_Technique" VALUES (92,4,58);
INSERT INTO "Service_Technique" VALUES (92,5,69);
INSERT INTO "Service_Technique" VALUES (93,1,158);
INSERT INTO "Service_Technique" VALUES (93,2,104);
INSERT INTO "Service_Technique" VALUES (93,3,90);
INSERT INTO "Service_Technique" VALUES (93,4,74);
INSERT INTO "Service_Technique" VALUES (93,5,66);
INSERT INTO "Service_Technique" VALUES (94,1,132);
INSERT INTO "Service_Technique" VALUES (94,2,113);
INSERT INTO "Service_Technique" VALUES (94,3,192);
INSERT INTO "Service_Technique" VALUES (94,4,159);
INSERT INTO "Service_Technique" VALUES (94,5,123);
INSERT INTO "Service_Technique" VALUES (95,1,173);
INSERT INTO "Service_Technique" VALUES (95,2,184);
INSERT INTO "Service_Technique" VALUES (95,3,137);
INSERT INTO "Service_Technique" VALUES (95,4,187);
INSERT INTO "Service_Technique" VALUES (95,5,144);
INSERT INTO "Service_Technique" VALUES (96,1,165);
INSERT INTO "Service_Technique" VALUES (96,2,122);
INSERT INTO "Service_Technique" VALUES (96,3,199);
INSERT INTO "Service_Technique" VALUES (96,4,196);
INSERT INTO "Service_Technique" VALUES (96,5,100);
INSERT INTO "Service_Technique" VALUES (97,1,105);
INSERT INTO "Service_Technique" VALUES (97,2,178);
INSERT INTO "Service_Technique" VALUES (97,3,161);
INSERT INTO "Service_Technique" VALUES (97,4,151);
INSERT INTO "Service_Technique" VALUES (97,5,150);
INSERT INTO "Service_Technique" VALUES (98,1,80);
INSERT INTO "Service_Technique" VALUES (98,2,196);
INSERT INTO "Service_Technique" VALUES (98,3,188);
INSERT INTO "Service_Technique" VALUES (98,4,95);
INSERT INTO "Service_Technique" VALUES (98,5,69);
INSERT INTO "Service_Technique" VALUES (99,1,138);
INSERT INTO "Service_Technique" VALUES (99,2,98);
INSERT INTO "Service_Technique" VALUES (99,3,154);
INSERT INTO "Service_Technique" VALUES (99,4,116);
INSERT INTO "Service_Technique" VALUES (99,5,154);
INSERT INTO "Service_Technique" VALUES (100,1,52);
INSERT INTO "Service_Technique" VALUES (100,2,56);
INSERT INTO "Service_Technique" VALUES (100,3,56);
INSERT INTO "Service_Technique" VALUES (100,4,109);
INSERT INTO "Service_Technique" VALUES (100,5,53);
INSERT INTO "Service_Technique" VALUES (101,1,101);
INSERT INTO "Service_Technique" VALUES (101,2,107);
INSERT INTO "Service_Technique" VALUES (101,3,130);
INSERT INTO "Service_Technique" VALUES (101,4,168);
INSERT INTO "Service_Technique" VALUES (101,5,61);
INSERT INTO "Service_Technique" VALUES (102,1,149);
INSERT INTO "Service_Technique" VALUES (102,2,139);
INSERT INTO "Service_Technique" VALUES (102,3,122);
INSERT INTO "Service_Technique" VALUES (102,4,77);
INSERT INTO "Service_Technique" VALUES (102,5,160);
INSERT INTO "Service_Technique" VALUES (103,1,185);
INSERT INTO "Service_Technique" VALUES (103,2,196);
INSERT INTO "Service_Technique" VALUES (103,3,197);
INSERT INTO "Service_Technique" VALUES (103,4,142);
INSERT INTO "Service_Technique" VALUES (103,5,90);
INSERT INTO "Service_Technique" VALUES (104,1,114);
INSERT INTO "Service_Technique" VALUES (104,2,87);
INSERT INTO "Service_Technique" VALUES (104,3,78);
INSERT INTO "Service_Technique" VALUES (104,4,138);
INSERT INTO "Service_Technique" VALUES (104,5,160);
INSERT INTO "Service_Technique" VALUES (105,1,62);
INSERT INTO "Service_Technique" VALUES (105,2,70);
INSERT INTO "Service_Technique" VALUES (105,3,182);
INSERT INTO "Service_Technique" VALUES (105,4,88);
INSERT INTO "Service_Technique" VALUES (105,5,139);
INSERT INTO "Service_Technique" VALUES (106,1,156);
INSERT INTO "Service_Technique" VALUES (106,2,117);
INSERT INTO "Service_Technique" VALUES (106,3,54);
INSERT INTO "Service_Technique" VALUES (106,4,76);
INSERT INTO "Service_Technique" VALUES (106,5,63);
INSERT INTO "Service_Technique" VALUES (107,1,114);
INSERT INTO "Service_Technique" VALUES (107,2,132);
INSERT INTO "Service_Technique" VALUES (107,3,127);
INSERT INTO "Service_Technique" VALUES (107,4,84);
INSERT INTO "Service_Technique" VALUES (107,5,81);
INSERT INTO "Service_Technique" VALUES (108,1,144);
INSERT INTO "Service_Technique" VALUES (108,2,167);
INSERT INTO "Service_Technique" VALUES (108,3,65);
INSERT INTO "Service_Technique" VALUES (108,4,101);
INSERT INTO "Service_Technique" VALUES (108,5,195);
INSERT INTO "Service_Technique" VALUES (109,1,75);
INSERT INTO "Service_Technique" VALUES (109,2,145);
INSERT INTO "Service_Technique" VALUES (109,3,67);
INSERT INTO "Service_Technique" VALUES (109,4,59);
INSERT INTO "Service_Technique" VALUES (109,5,55);
INSERT INTO "Service_Technique" VALUES (110,1,165);
INSERT INTO "Service_Technique" VALUES (110,2,199);
INSERT INTO "Service_Technique" VALUES (110,3,190);
INSERT INTO "Service_Technique" VALUES (110,4,123);
INSERT INTO "Service_Technique" VALUES (110,5,60);
INSERT INTO "Service_Technique" VALUES (111,1,189);
INSERT INTO "Service_Technique" VALUES (111,2,147);
INSERT INTO "Service_Technique" VALUES (111,3,148);
INSERT INTO "Service_Technique" VALUES (111,4,75);
INSERT INTO "Service_Technique" VALUES (111,5,150);
INSERT INTO "Service_Technique" VALUES (112,1,198);
INSERT INTO "Service_Technique" VALUES (112,2,85);
INSERT INTO "Service_Technique" VALUES (112,3,155);
INSERT INTO "Service_Technique" VALUES (112,4,159);
INSERT INTO "Service_Technique" VALUES (112,5,127);
INSERT INTO "Service_Technique" VALUES (113,1,197);
INSERT INTO "Service_Technique" VALUES (113,2,71);
INSERT INTO "Service_Technique" VALUES (113,3,83);
INSERT INTO "Service_Technique" VALUES (113,4,74);
INSERT INTO "Service_Technique" VALUES (113,5,52);
INSERT INTO "Service_Technique" VALUES (114,1,67);
INSERT INTO "Service_Technique" VALUES (114,2,61);
INSERT INTO "Service_Technique" VALUES (114,3,154);
INSERT INTO "Service_Technique" VALUES (114,4,109);
INSERT INTO "Service_Technique" VALUES (114,5,169);
INSERT INTO "Service_Technique" VALUES (115,1,54);
INSERT INTO "Service_Technique" VALUES (115,2,193);
INSERT INTO "Service_Technique" VALUES (115,3,156);
INSERT INTO "Service_Technique" VALUES (115,4,140);
INSERT INTO "Service_Technique" VALUES (115,5,106);
INSERT INTO "Service_Technique" VALUES (116,1,191);
INSERT INTO "Service_Technique" VALUES (116,2,79);
INSERT INTO "Service_Technique" VALUES (116,3,62);
INSERT INTO "Service_Technique" VALUES (116,4,65);
INSERT INTO "Service_Technique" VALUES (116,5,198);
INSERT INTO "Service_Technique" VALUES (117,1,114);
INSERT INTO "Service_Technique" VALUES (117,2,51);
INSERT INTO "Service_Technique" VALUES (117,3,161);
INSERT INTO "Service_Technique" VALUES (117,4,192);
INSERT INTO "Service_Technique" VALUES (117,5,96);
INSERT INTO "Service_Technique" VALUES (118,1,182);
INSERT INTO "Service_Technique" VALUES (118,2,136);
INSERT INTO "Service_Technique" VALUES (118,3,140);
INSERT INTO "Service_Technique" VALUES (118,4,68);
INSERT INTO "Service_Technique" VALUES (118,5,105);
INSERT INTO "Service_Technique" VALUES (119,1,123);
INSERT INTO "Service_Technique" VALUES (119,2,144);
INSERT INTO "Service_Technique" VALUES (119,3,170);
INSERT INTO "Service_Technique" VALUES (119,4,84);
INSERT INTO "Service_Technique" VALUES (119,5,92);
INSERT INTO "Service_Technique" VALUES (120,1,87);
INSERT INTO "Service_Technique" VALUES (120,2,104);
INSERT INTO "Service_Technique" VALUES (120,3,199);
INSERT INTO "Service_Technique" VALUES (120,4,133);
INSERT INTO "Service_Technique" VALUES (120,5,64);
INSERT INTO "Service_Technique" VALUES (121,1,133);
INSERT INTO "Service_Technique" VALUES (121,2,57);
INSERT INTO "Service_Technique" VALUES (121,3,86);
INSERT INTO "Service_Technique" VALUES (121,4,194);
INSERT INTO "Service_Technique" VALUES (121,5,143);
INSERT INTO "Service_Technique" VALUES (122,1,143);
INSERT INTO "Service_Technique" VALUES (122,2,81);
INSERT INTO "Service_Technique" VALUES (122,3,59);
INSERT INTO "Service_Technique" VALUES (122,4,143);
INSERT INTO "Service_Technique" VALUES (122,5,60);
INSERT INTO "Service_Technique" VALUES (123,1,108);
INSERT INTO "Service_Technique" VALUES (123,2,124);
INSERT INTO "Service_Technique" VALUES (123,3,86);
INSERT INTO "Service_Technique" VALUES (123,4,189);
INSERT INTO "Service_Technique" VALUES (123,5,89);
INSERT INTO "Service_Technique" VALUES (124,1,78);
INSERT INTO "Service_Technique" VALUES (124,2,189);
INSERT INTO "Service_Technique" VALUES (124,3,165);
INSERT INTO "Service_Technique" VALUES (124,4,111);
INSERT INTO "Service_Technique" VALUES (124,5,176);
INSERT INTO "Service_Technique" VALUES (125,1,99);
INSERT INTO "Service_Technique" VALUES (125,2,138);
INSERT INTO "Service_Technique" VALUES (125,3,141);
INSERT INTO "Service_Technique" VALUES (125,4,62);
INSERT INTO "Service_Technique" VALUES (125,5,147);
INSERT INTO "Service_Technique" VALUES (126,1,92);
INSERT INTO "Service_Technique" VALUES (126,2,190);
INSERT INTO "Service_Technique" VALUES (126,3,70);
INSERT INTO "Service_Technique" VALUES (126,4,87);
INSERT INTO "Service_Technique" VALUES (126,5,193);
INSERT INTO "Service_Technique" VALUES (127,1,106);
INSERT INTO "Service_Technique" VALUES (127,2,82);
INSERT INTO "Service_Technique" VALUES (127,3,140);
INSERT INTO "Service_Technique" VALUES (127,4,148);
INSERT INTO "Service_Technique" VALUES (127,5,56);
INSERT INTO "Service_Technique" VALUES (128,1,175);
INSERT INTO "Service_Technique" VALUES (128,2,190);
INSERT INTO "Service_Technique" VALUES (128,3,74);
INSERT INTO "Service_Technique" VALUES (128,4,91);
INSERT INTO "Service_Technique" VALUES (128,5,198);
INSERT INTO "Service_Technique" VALUES (129,1,103);
INSERT INTO "Service_Technique" VALUES (129,2,182);
INSERT INTO "Service_Technique" VALUES (129,3,101);
INSERT INTO "Service_Technique" VALUES (129,4,171);
INSERT INTO "Service_Technique" VALUES (129,5,115);
INSERT INTO "Service_Technique" VALUES (130,1,85);
INSERT INTO "Service_Technique" VALUES (130,2,136);
INSERT INTO "Service_Technique" VALUES (130,3,142);
INSERT INTO "Service_Technique" VALUES (130,4,183);
INSERT INTO "Service_Technique" VALUES (130,5,132);
INSERT INTO "Service_Technique" VALUES (131,1,89);
INSERT INTO "Service_Technique" VALUES (131,2,137);
INSERT INTO "Service_Technique" VALUES (131,3,118);
INSERT INTO "Service_Technique" VALUES (131,4,105);
INSERT INTO "Service_Technique" VALUES (131,5,145);
INSERT INTO "Service_Technique" VALUES (132,1,87);
INSERT INTO "Service_Technique" VALUES (132,2,175);
INSERT INTO "Service_Technique" VALUES (132,3,112);
INSERT INTO "Service_Technique" VALUES (132,4,147);
INSERT INTO "Service_Technique" VALUES (132,5,191);
INSERT INTO "Service_Technique" VALUES (133,1,84);
INSERT INTO "Service_Technique" VALUES (133,2,74);
INSERT INTO "Service_Technique" VALUES (133,3,109);
INSERT INTO "Service_Technique" VALUES (133,4,174);
INSERT INTO "Service_Technique" VALUES (133,5,89);
INSERT INTO "Service_Technique" VALUES (134,1,188);
INSERT INTO "Service_Technique" VALUES (134,2,115);
INSERT INTO "Service_Technique" VALUES (134,3,84);
INSERT INTO "Service_Technique" VALUES (134,4,80);
INSERT INTO "Service_Technique" VALUES (134,5,69);
INSERT INTO "Service_Technique" VALUES (135,1,174);
INSERT INTO "Service_Technique" VALUES (135,2,74);
INSERT INTO "Service_Technique" VALUES (135,3,105);
INSERT INTO "Service_Technique" VALUES (135,4,156);
INSERT INTO "Service_Technique" VALUES (135,5,168);
INSERT INTO "Service_Technique" VALUES (136,1,133);
INSERT INTO "Service_Technique" VALUES (136,2,51);
INSERT INTO "Service_Technique" VALUES (136,3,74);
INSERT INTO "Service_Technique" VALUES (136,4,114);
INSERT INTO "Service_Technique" VALUES (136,5,164);
INSERT INTO "Service_Technique" VALUES (137,1,140);
INSERT INTO "Service_Technique" VALUES (137,2,72);
INSERT INTO "Service_Technique" VALUES (137,3,103);
INSERT INTO "Service_Technique" VALUES (137,4,84);
INSERT INTO "Service_Technique" VALUES (137,5,115);
INSERT INTO "Service_Technique" VALUES (138,1,179);
INSERT INTO "Service_Technique" VALUES (138,2,123);
INSERT INTO "Service_Technique" VALUES (138,3,200);
INSERT INTO "Service_Technique" VALUES (138,4,128);
INSERT INTO "Service_Technique" VALUES (138,5,133);
INSERT INTO "Service_Technique" VALUES (139,1,172);
INSERT INTO "Service_Technique" VALUES (139,2,200);
INSERT INTO "Service_Technique" VALUES (139,3,200);
INSERT INTO "Service_Technique" VALUES (139,4,81);
INSERT INTO "Service_Technique" VALUES (139,5,159);
INSERT INTO "Service_Technique" VALUES (140,1,79);
INSERT INTO "Service_Technique" VALUES (140,2,51);
INSERT INTO "Service_Technique" VALUES (140,3,71);
INSERT INTO "Service_Technique" VALUES (140,4,93);
INSERT INTO "Service_Technique" VALUES (140,5,114);
INSERT INTO "Service_Technique" VALUES (141,1,62);
INSERT INTO "Service_Technique" VALUES (141,2,84);
INSERT INTO "Service_Technique" VALUES (141,3,164);
INSERT INTO "Service_Technique" VALUES (141,4,131);
INSERT INTO "Service_Technique" VALUES (141,5,134);
INSERT INTO "Service_Technique" VALUES (142,1,163);
INSERT INTO "Service_Technique" VALUES (142,2,97);
INSERT INTO "Service_Technique" VALUES (142,3,154);
INSERT INTO "Service_Technique" VALUES (142,4,104);
INSERT INTO "Service_Technique" VALUES (142,5,59);
INSERT INTO "Service_Technique" VALUES (143,1,146);
INSERT INTO "Service_Technique" VALUES (143,2,141);
INSERT INTO "Service_Technique" VALUES (143,3,187);
INSERT INTO "Service_Technique" VALUES (143,4,118);
INSERT INTO "Service_Technique" VALUES (143,5,132);
INSERT INTO "Service_Technique" VALUES (144,1,166);
INSERT INTO "Service_Technique" VALUES (144,2,102);
INSERT INTO "Service_Technique" VALUES (144,3,106);
INSERT INTO "Service_Technique" VALUES (144,4,120);
INSERT INTO "Service_Technique" VALUES (144,5,170);
INSERT INTO "Service_Technique" VALUES (145,1,101);
INSERT INTO "Service_Technique" VALUES (145,2,105);
INSERT INTO "Service_Technique" VALUES (145,3,106);
INSERT INTO "Service_Technique" VALUES (145,4,145);
INSERT INTO "Service_Technique" VALUES (145,5,153);
INSERT INTO "Service_Technique" VALUES (146,1,56);
INSERT INTO "Service_Technique" VALUES (146,2,92);
INSERT INTO "Service_Technique" VALUES (146,3,121);
INSERT INTO "Service_Technique" VALUES (146,4,78);
INSERT INTO "Service_Technique" VALUES (146,5,60);
INSERT INTO "Service_Technique" VALUES (147,1,130);
INSERT INTO "Service_Technique" VALUES (147,2,122);
INSERT INTO "Service_Technique" VALUES (147,3,89);
INSERT INTO "Service_Technique" VALUES (147,4,97);
INSERT INTO "Service_Technique" VALUES (147,5,187);
INSERT INTO "Service_Technique" VALUES (148,1,173);
INSERT INTO "Service_Technique" VALUES (148,2,200);
INSERT INTO "Service_Technique" VALUES (148,3,90);
INSERT INTO "Service_Technique" VALUES (148,4,107);
INSERT INTO "Service_Technique" VALUES (148,5,188);
INSERT INTO "Service_Technique" VALUES (149,1,76);
INSERT INTO "Service_Technique" VALUES (149,2,69);
INSERT INTO "Service_Technique" VALUES (149,3,103);
INSERT INTO "Service_Technique" VALUES (149,4,53);
INSERT INTO "Service_Technique" VALUES (149,5,112);
INSERT INTO "Service_Technique" VALUES (1,1,174);
INSERT INTO "Service_Technique" VALUES (1,2,140);
INSERT INTO "Service_Technique" VALUES (1,3,131);
INSERT INTO "Service_Technique" VALUES (1,4,81);
INSERT INTO "Service_Technique" VALUES (1,5,178);
INSERT INTO "Service_Technique" VALUES (2,1,50);
INSERT INTO "Service_Technique" VALUES (2,2,129);
INSERT INTO "Service_Technique" VALUES (2,3,199);
INSERT INTO "Service_Technique" VALUES (2,4,103);
INSERT INTO "Service_Technique" VALUES (2,5,190);
INSERT INTO "Service_Technique" VALUES (3,1,168);
INSERT INTO "Service_Technique" VALUES (3,2,184);
INSERT INTO "Service_Technique" VALUES (3,3,148);
INSERT INTO "Service_Technique" VALUES (3,4,186);
INSERT INTO "Service_Technique" VALUES (3,5,120);
INSERT INTO "Service_Technique" VALUES (4,1,129);
INSERT INTO "Service_Technique" VALUES (4,2,53);
INSERT INTO "Service_Technique" VALUES (4,3,71);
INSERT INTO "Service_Technique" VALUES (4,4,145);
INSERT INTO "Service_Technique" VALUES (4,5,197);
INSERT INTO "Service_Technique" VALUES (5,1,155);
INSERT INTO "Service_Technique" VALUES (5,2,164);
INSERT INTO "Service_Technique" VALUES (5,3,61);
INSERT INTO "Service_Technique" VALUES (5,4,189);
INSERT INTO "Service_Technique" VALUES (5,5,63);
INSERT INTO "Service_Technique" VALUES (6,1,189);
INSERT INTO "Service_Technique" VALUES (6,2,183);
INSERT INTO "Service_Technique" VALUES (6,3,76);
INSERT INTO "Service_Technique" VALUES (6,4,159);
INSERT INTO "Service_Technique" VALUES (6,5,116);
INSERT INTO "Service_Technique" VALUES (7,1,195);
INSERT INTO "Service_Technique" VALUES (7,2,109);
INSERT INTO "Service_Technique" VALUES (7,3,130);
INSERT INTO "Service_Technique" VALUES (7,4,149);
INSERT INTO "Service_Technique" VALUES (7,5,57);
INSERT INTO "Service_Technique" VALUES (8,1,68);
INSERT INTO "Service_Technique" VALUES (8,2,169);
INSERT INTO "Service_Technique" VALUES (8,3,146);
INSERT INTO "Service_Technique" VALUES (8,4,103);
INSERT INTO "Service_Technique" VALUES (8,5,192);
INSERT INTO "Service_Technique" VALUES (9,1,51);
INSERT INTO "Service_Technique" VALUES (9,2,154);
INSERT INTO "Service_Technique" VALUES (9,3,76);
INSERT INTO "Service_Technique" VALUES (9,4,200);
INSERT INTO "Service_Technique" VALUES (9,5,98);
INSERT INTO "Service_Technique" VALUES (10,1,112);
INSERT INTO "Service_Technique" VALUES (10,2,72);
INSERT INTO "Service_Technique" VALUES (10,3,102);
INSERT INTO "Service_Technique" VALUES (10,4,190);
INSERT INTO "Service_Technique" VALUES (10,5,174);
INSERT INTO "Service_Technique" VALUES (11,1,154);
INSERT INTO "Service_Technique" VALUES (11,2,106);
INSERT INTO "Service_Technique" VALUES (11,3,89);
INSERT INTO "Service_Technique" VALUES (11,4,128);
INSERT INTO "Service_Technique" VALUES (11,5,75);
INSERT INTO "Service_Technique" VALUES (12,1,104);
INSERT INTO "Service_Technique" VALUES (12,2,130);
INSERT INTO "Service_Technique" VALUES (12,3,195);
INSERT INTO "Service_Technique" VALUES (12,4,90);
INSERT INTO "Service_Technique" VALUES (12,5,67);
INSERT INTO "Service_Technique" VALUES (13,1,60);
INSERT INTO "Service_Technique" VALUES (13,2,179);
INSERT INTO "Service_Technique" VALUES (13,3,107);
INSERT INTO "Service_Technique" VALUES (13,4,117);
INSERT INTO "Service_Technique" VALUES (13,5,181);
INSERT INTO "Service_Technique" VALUES (14,1,55);
INSERT INTO "Service_Technique" VALUES (14,2,127);
INSERT INTO "Service_Technique" VALUES (14,3,162);
INSERT INTO "Service_Technique" VALUES (14,4,126);
INSERT INTO "Service_Technique" VALUES (14,5,79);
INSERT INTO "Service_Technique" VALUES (15,1,91);
INSERT INTO "Service_Technique" VALUES (15,2,126);
INSERT INTO "Service_Technique" VALUES (15,3,124);
INSERT INTO "Service_Technique" VALUES (15,4,100);
INSERT INTO "Service_Technique" VALUES (15,5,181);
INSERT INTO "Service_Technique" VALUES (16,1,85);
INSERT INTO "Service_Technique" VALUES (16,2,173);
INSERT INTO "Service_Technique" VALUES (16,3,157);
INSERT INTO "Service_Technique" VALUES (16,4,199);
INSERT INTO "Service_Technique" VALUES (16,5,159);
INSERT INTO "Service_Technique" VALUES (17,1,76);
INSERT INTO "Service_Technique" VALUES (17,2,200);
INSERT INTO "Service_Technique" VALUES (17,3,77);
INSERT INTO "Service_Technique" VALUES (17,4,79);
INSERT INTO "Service_Technique" VALUES (17,5,187);
INSERT INTO "Service_Technique" VALUES (18,1,177);
INSERT INTO "Service_Technique" VALUES (18,2,192);
INSERT INTO "Service_Technique" VALUES (18,3,166);
INSERT INTO "Service_Technique" VALUES (18,4,165);
INSERT INTO "Service_Technique" VALUES (18,5,69);
INSERT INTO "Service_Technique" VALUES (19,1,172);
INSERT INTO "Service_Technique" VALUES (19,2,153);
INSERT INTO "Service_Technique" VALUES (19,3,170);
INSERT INTO "Service_Technique" VALUES (19,4,146);
INSERT INTO "Service_Technique" VALUES (19,5,55);
INSERT INTO "Service_Technique" VALUES (20,1,77);
INSERT INTO "Service_Technique" VALUES (20,2,116);
INSERT INTO "Service_Technique" VALUES (20,3,97);
INSERT INTO "Service_Technique" VALUES (20,4,177);
INSERT INTO "Service_Technique" VALUES (20,5,134);
INSERT INTO "Service_Technique" VALUES (21,1,88);
INSERT INTO "Service_Technique" VALUES (21,2,119);
INSERT INTO "Service_Technique" VALUES (21,3,136);
INSERT INTO "Service_Technique" VALUES (21,4,106);
INSERT INTO "Service_Technique" VALUES (21,5,89);
INSERT INTO "Service_Technique" VALUES (22,1,165);
INSERT INTO "Service_Technique" VALUES (22,2,173);
INSERT INTO "Service_Technique" VALUES (22,3,143);
INSERT INTO "Service_Technique" VALUES (22,4,110);
INSERT INTO "Service_Technique" VALUES (22,5,91);
INSERT INTO "Service_Technique" VALUES (23,1,142);
INSERT INTO "Service_Technique" VALUES (23,2,78);
INSERT INTO "Service_Technique" VALUES (23,3,177);
INSERT INTO "Service_Technique" VALUES (23,4,51);
INSERT INTO "Service_Technique" VALUES (23,5,182);
INSERT INTO "Service_Technique" VALUES (24,1,186);
INSERT INTO "Service_Technique" VALUES (24,2,131);
INSERT INTO "Service_Technique" VALUES (24,3,63);
INSERT INTO "Service_Technique" VALUES (24,4,127);
INSERT INTO "Service_Technique" VALUES (24,5,85);
INSERT INTO "Service_Technique" VALUES (25,1,64);
INSERT INTO "Service_Technique" VALUES (25,2,124);
INSERT INTO "Service_Technique" VALUES (25,3,149);
INSERT INTO "Service_Technique" VALUES (25,4,189);
INSERT INTO "Service_Technique" VALUES (25,5,106);
INSERT INTO "Service_Technique" VALUES (26,1,122);
INSERT INTO "Service_Technique" VALUES (26,2,65);
INSERT INTO "Service_Technique" VALUES (26,3,158);
INSERT INTO "Service_Technique" VALUES (26,4,52);
INSERT INTO "Service_Technique" VALUES (26,5,91);
INSERT INTO "Service_Technique" VALUES (27,1,198);
INSERT INTO "Service_Technique" VALUES (27,2,65);
INSERT INTO "Service_Technique" VALUES (27,3,124);
INSERT INTO "Service_Technique" VALUES (27,4,129);
INSERT INTO "Service_Technique" VALUES (27,5,116);
INSERT INTO "Service_Technique" VALUES (28,1,119);
INSERT INTO "Service_Technique" VALUES (28,2,136);
INSERT INTO "Service_Technique" VALUES (28,3,54);
INSERT INTO "Service_Technique" VALUES (28,4,167);
INSERT INTO "Service_Technique" VALUES (28,5,129);
INSERT INTO "Service_Technique" VALUES (29,1,153);
INSERT INTO "Service_Technique" VALUES (29,2,197);
INSERT INTO "Service_Technique" VALUES (29,3,63);
INSERT INTO "Service_Technique" VALUES (29,4,118);
INSERT INTO "Service_Technique" VALUES (29,5,78);
INSERT INTO "Service_Technique" VALUES (30,1,183);
INSERT INTO "Service_Technique" VALUES (30,2,191);
INSERT INTO "Service_Technique" VALUES (30,3,198);
INSERT INTO "Service_Technique" VALUES (30,4,145);
INSERT INTO "Service_Technique" VALUES (30,5,168);
INSERT INTO "Service_Technique" VALUES (31,1,104);
INSERT INTO "Service_Technique" VALUES (31,2,85);
INSERT INTO "Service_Technique" VALUES (31,3,136);
INSERT INTO "Service_Technique" VALUES (31,4,128);
INSERT INTO "Service_Technique" VALUES (31,5,112);
INSERT INTO "Service_Technique" VALUES (32,1,139);
INSERT INTO "Service_Technique" VALUES (32,2,102);
INSERT INTO "Service_Technique" VALUES (32,3,111);
INSERT INTO "Service_Technique" VALUES (32,4,121);
INSERT INTO "Service_Technique" VALUES (32,5,126);
INSERT INTO "Service_Technique" VALUES (33,1,157);
INSERT INTO "Service_Technique" VALUES (33,2,55);
INSERT INTO "Service_Technique" VALUES (33,3,160);
INSERT INTO "Service_Technique" VALUES (33,4,113);
INSERT INTO "Service_Technique" VALUES (33,5,120);
INSERT INTO "Service_Technique" VALUES (34,1,138);
INSERT INTO "Service_Technique" VALUES (34,2,134);
INSERT INTO "Service_Technique" VALUES (34,3,187);
INSERT INTO "Service_Technique" VALUES (34,4,60);
INSERT INTO "Service_Technique" VALUES (34,5,84);
INSERT INTO "Service_Technique" VALUES (35,1,134);
INSERT INTO "Service_Technique" VALUES (35,2,187);
INSERT INTO "Service_Technique" VALUES (35,3,54);
INSERT INTO "Service_Technique" VALUES (35,4,156);
INSERT INTO "Service_Technique" VALUES (35,5,124);
INSERT INTO "Service_Technique" VALUES (36,1,133);
INSERT INTO "Service_Technique" VALUES (36,2,101);
INSERT INTO "Service_Technique" VALUES (36,3,86);
INSERT INTO "Service_Technique" VALUES (36,4,195);
INSERT INTO "Service_Technique" VALUES (36,5,138);
INSERT INTO "Service_Technique" VALUES (37,1,196);
INSERT INTO "Service_Technique" VALUES (37,2,160);
INSERT INTO "Service_Technique" VALUES (37,3,173);
INSERT INTO "Service_Technique" VALUES (37,4,151);
INSERT INTO "Service_Technique" VALUES (37,5,171);
INSERT INTO "Service_Technique" VALUES (38,1,195);
INSERT INTO "Service_Technique" VALUES (38,2,115);
INSERT INTO "Service_Technique" VALUES (38,3,97);
INSERT INTO "Service_Technique" VALUES (38,4,52);
INSERT INTO "Service_Technique" VALUES (38,5,111);
INSERT INTO "Service_Technique" VALUES (39,1,62);
INSERT INTO "Service_Technique" VALUES (39,2,50);
INSERT INTO "Service_Technique" VALUES (39,3,82);
INSERT INTO "Service_Technique" VALUES (39,4,115);
INSERT INTO "Service_Technique" VALUES (39,5,111);
INSERT INTO "Service_Technique" VALUES (40,1,198);
INSERT INTO "Service_Technique" VALUES (40,2,74);
INSERT INTO "Service_Technique" VALUES (40,3,127);
INSERT INTO "Service_Technique" VALUES (40,4,150);
INSERT INTO "Service_Technique" VALUES (40,5,177);
INSERT INTO "Service_Technique" VALUES (41,1,186);
INSERT INTO "Service_Technique" VALUES (41,2,85);
INSERT INTO "Service_Technique" VALUES (41,3,138);
INSERT INTO "Service_Technique" VALUES (41,4,68);
INSERT INTO "Service_Technique" VALUES (41,5,146);
INSERT INTO "Service_Technique" VALUES (42,1,195);
INSERT INTO "Service_Technique" VALUES (42,2,64);
INSERT INTO "Service_Technique" VALUES (42,3,71);
INSERT INTO "Service_Technique" VALUES (42,4,93);
INSERT INTO "Service_Technique" VALUES (42,5,58);
INSERT INTO "Service_Technique" VALUES (43,1,143);
INSERT INTO "Service_Technique" VALUES (43,2,66);
INSERT INTO "Service_Technique" VALUES (43,3,88);
INSERT INTO "Service_Technique" VALUES (43,4,123);
INSERT INTO "Service_Technique" VALUES (43,5,175);
INSERT INTO "Service_Technique" VALUES (44,1,124);
INSERT INTO "Service_Technique" VALUES (44,2,104);
INSERT INTO "Service_Technique" VALUES (44,3,71);
INSERT INTO "Service_Technique" VALUES (44,4,198);
INSERT INTO "Service_Technique" VALUES (44,5,115);
INSERT INTO "Service_Technique" VALUES (45,1,192);
INSERT INTO "Service_Technique" VALUES (45,2,176);
INSERT INTO "Service_Technique" VALUES (45,3,177);
INSERT INTO "Service_Technique" VALUES (45,4,109);
INSERT INTO "Service_Technique" VALUES (45,5,163);
INSERT INTO "Service_Technique" VALUES (46,1,178);
INSERT INTO "Service_Technique" VALUES (46,2,86);
INSERT INTO "Service_Technique" VALUES (46,3,85);
INSERT INTO "Service_Technique" VALUES (46,4,57);
INSERT INTO "Service_Technique" VALUES (46,5,70);
INSERT INTO "Service_Technique" VALUES (47,1,116);
INSERT INTO "Service_Technique" VALUES (47,2,144);
INSERT INTO "Service_Technique" VALUES (47,3,171);
INSERT INTO "Service_Technique" VALUES (47,4,128);
INSERT INTO "Service_Technique" VALUES (47,5,100);
INSERT INTO "Service_Technique" VALUES (48,1,120);
INSERT INTO "Service_Technique" VALUES (48,2,166);
INSERT INTO "Service_Technique" VALUES (48,3,190);
INSERT INTO "Service_Technique" VALUES (48,4,113);
INSERT INTO "Service_Technique" VALUES (48,5,77);
INSERT INTO "Service_Technique" VALUES (49,1,182);
INSERT INTO "Service_Technique" VALUES (49,2,163);
INSERT INTO "Service_Technique" VALUES (49,3,76);
INSERT INTO "Service_Technique" VALUES (49,4,87);
INSERT INTO "Service_Technique" VALUES (49,5,112);
INSERT INTO "Service_Technique" VALUES (50,1,153);
INSERT INTO "Service_Technique" VALUES (50,2,120);
INSERT INTO "Service_Technique" VALUES (50,3,117);
INSERT INTO "Service_Technique" VALUES (50,4,93);
INSERT INTO "Service_Technique" VALUES (50,5,165);
INSERT INTO "Service_Technique" VALUES (51,1,148);
INSERT INTO "Service_Technique" VALUES (51,2,128);
INSERT INTO "Service_Technique" VALUES (51,3,174);
INSERT INTO "Service_Technique" VALUES (51,4,90);
INSERT INTO "Service_Technique" VALUES (51,5,178);
INSERT INTO "Service_Technique" VALUES (52,1,129);
INSERT INTO "Service_Technique" VALUES (52,2,110);
INSERT INTO "Service_Technique" VALUES (52,3,186);
INSERT INTO "Service_Technique" VALUES (52,4,78);
INSERT INTO "Service_Technique" VALUES (52,5,119);
INSERT INTO "Service_Technique" VALUES (53,1,151);
INSERT INTO "Service_Technique" VALUES (53,2,64);
INSERT INTO "Service_Technique" VALUES (53,3,123);
INSERT INTO "Service_Technique" VALUES (53,4,182);
INSERT INTO "Service_Technique" VALUES (53,5,155);
INSERT INTO "Service_Technique" VALUES (54,1,64);
INSERT INTO "Service_Technique" VALUES (54,2,53);
INSERT INTO "Service_Technique" VALUES (54,3,174);
INSERT INTO "Service_Technique" VALUES (54,4,89);
INSERT INTO "Service_Technique" VALUES (54,5,183);
INSERT INTO "Service_Technique" VALUES (55,1,172);
INSERT INTO "Service_Technique" VALUES (55,2,56);
INSERT INTO "Service_Technique" VALUES (55,3,53);
INSERT INTO "Service_Technique" VALUES (55,4,52);
INSERT INTO "Service_Technique" VALUES (55,5,156);
INSERT INTO "Service_Technique" VALUES (56,1,123);
INSERT INTO "Service_Technique" VALUES (56,2,89);
INSERT INTO "Service_Technique" VALUES (56,3,141);
INSERT INTO "Service_Technique" VALUES (56,4,195);
INSERT INTO "Service_Technique" VALUES (56,5,63);
INSERT INTO "Service_Technique" VALUES (57,1,150);
INSERT INTO "Service_Technique" VALUES (57,2,93);
INSERT INTO "Service_Technique" VALUES (57,3,120);
INSERT INTO "Service_Technique" VALUES (57,4,109);
INSERT INTO "Service_Technique" VALUES (57,5,152);
INSERT INTO "Service_Technique" VALUES (58,1,162);
INSERT INTO "Service_Technique" VALUES (58,2,161);
INSERT INTO "Service_Technique" VALUES (58,3,75);
INSERT INTO "Service_Technique" VALUES (58,4,73);
INSERT INTO "Service_Technique" VALUES (58,5,72);
INSERT INTO "Service_Technique" VALUES (59,1,169);
INSERT INTO "Service_Technique" VALUES (59,2,171);
INSERT INTO "Service_Technique" VALUES (59,3,108);
INSERT INTO "Service_Technique" VALUES (59,4,101);
INSERT INTO "Service_Technique" VALUES (59,5,156);
INSERT INTO "Service_Technique" VALUES (60,1,121);
INSERT INTO "Service_Technique" VALUES (60,2,97);
INSERT INTO "Service_Technique" VALUES (60,3,107);
INSERT INTO "Service_Technique" VALUES (60,4,97);
INSERT INTO "Service_Technique" VALUES (60,5,71);
INSERT INTO "Service_Technique" VALUES (61,1,98);
INSERT INTO "Service_Technique" VALUES (61,2,166);
INSERT INTO "Service_Technique" VALUES (61,3,151);
INSERT INTO "Service_Technique" VALUES (61,4,136);
INSERT INTO "Service_Technique" VALUES (61,5,101);
INSERT INTO "Service_Technique" VALUES (62,1,51);
INSERT INTO "Service_Technique" VALUES (62,2,177);
INSERT INTO "Service_Technique" VALUES (62,3,51);
INSERT INTO "Service_Technique" VALUES (62,4,70);
INSERT INTO "Service_Technique" VALUES (62,5,155);
INSERT INTO "Service_Technique" VALUES (63,3,138);
INSERT INTO "Service_Technique" VALUES (63,4,123);
INSERT INTO "Service_Technique" VALUES (63,5,98);
CREATE VIEW "DifferenceEstimation" AS SELECT Heures_Travaillées.IDProjet,SUM(Heures_Travaillées.NbrHT) as TotalHeureProjet ,SUM(Service_Technique.NbrHE) as TotalHeureEstimee, SUM(Heures_Travaillées.NbrHT) - SUM(Service_Technique.NbrHE) as differenceEstimation  from Employes
INNER JOIN Heures_Travaillées on Employes.IDEmploye =  Heures_Travaillées.IDEmploye 
INNER JOIN Service_Technique on Service_Technique.IDProjet = Heures_Travaillées.IDProjet 
and Service_Technique.IDCsp = Employes.IDCsp 
group by Heures_Travaillées.IDProjet;
COMMIT;
